,MLBID,FIRSTNAME,LASTNAME,ACTIVE,Player,Team,Age,G,GS,CG,SHO,IP,H,ER,K,BB,HR,W,L,SV,BS,HLD,ERA,WHIP
0,472551,Fernando,Abad,Y,Fernando Abad,BAL,35,16,0,0,0,17.2,23,11,10,7,1,0,0,0,0,2,5.6,1.7
1,676265,Cory,Abbott,Y,Cory Abbott,CHC,26,7,1,0,0,17.1,20,13,12,11,7,0,0,0,0,0,6.75,1.79
2,656061,Albert,Abreu,Y,Albert Abreu,NYY,26,28,0,0,0,36.2,27,21,35,19,8,2,0,1,0,3,5.15,1.25
3,650556,Bryan,Abreu,Y,Bryan Abreu,HOU,24,31,0,0,0,36.0,35,23,36,18,4,3,3,1,4,7,5.75,1.47
4,642758,Domingo,Acevedo,Y,Domingo Acevedo,OAK,27,10,0,0,0,11.0,9,4,9,4,3,0,0,0,0,0,3.27,1.18
5,613534,Austin,Adams,Y,Austin Adams,SD,30,65,0,0,0,52.2,28,24,76,35,1,3,2,0,1,10,4.1,1.2
6,669211,Keegan,Akin,Y,Keegan Akin,BAL,26,24,17,0,0,95.0,110,70,82,40,17,2,10,0,0,0,6.63,1.58
7,452027,Andrew,Albers,Y,Andrew Albers,MIN,36,5,3,0,0,19.0,24,16,12,9,9,1,2,0,0,0,7.58,1.74
8,660896,Jorge,Alcala,Y,Jorge Alcala,MIN,26,59,0,0,0,59.2,45,26,61,13,10,3,6,1,4,11,3.92,0.97
9,645261,Sandy,Alcantara,Y,Sandy Alcantara,MIA,26,33,33,1,0,205.2,171,73,201,50,21,9,15,0,0,0,3.19,1.07
10,518397,Scott,Alexander,Y,Scott Alexander,LAD,32,18,0,0,0,15.1,15,5,8,4,2,0,2,0,1,2,2.93,1.24
11,641302,Tyler,Alexander,Y,Tyler Alexander,DET,27,41,15,0,0,106.1,106,45,87,28,16,2,4,0,0,3,3.81,1.26
12,663465,Kolby,Allard,Y,Kolby Allard,TEX,24,32,17,0,0,124.2,128,75,104,31,29,3,12,0,0,1,5.41,1.28
13,663531,Logan,Allen,Y,Logan Allen,CLE,24,14,11,0,0,50.1,58,35,37,17,12,2,7,0,0,0,6.26,1.49
14,622075,Yency,Almonte,Y,Yency Almonte,COL,27,48,0,0,0,47.2,47,40,47,29,9,1,3,0,3,3,7.55,1.59
15,501625,Jose,Alvarez,Y,Jose Alvarez,SF,32,67,1,0,0,64.2,53,17,42,19,2,5,2,0,0,8,2.37,1.11
16,621237,Jose,Alvarado,Y,Jose Alvarado,PHI,26,64,0,0,0,55.2,42,26,68,47,5,7,1,5,3,16,4.2,1.6
17,640470,Adbert,Alzolay,Y,Adbert Alzolay,CHC,26,29,21,0,0,125.2,112,64,128,34,25,5,13,1,0,0,4.58,1.16
18,474463,Brett,Anderson,Y,Brett Anderson,MIL,33,24,24,0,0,96.0,102,45,58,28,11,4,9,0,0,0,4.22,1.35
19,502624,Chase,Anderson,Y,Chase Anderson,PHI,33,14,9,0,0,48.0,51,36,35,20,10,2,4,0,0,0,6.75,1.48
20,666120,Ian,Anderson,Y,Ian Anderson,ATL,23,24,24,0,0,128.1,105,51,124,53,16,9,5,0,0,0,3.58,1.23
22,542881,Tyler,Anderson,Y,Tyler Anderson,SEA,31,13,13,0,0,63.2,71,34,48,13,11,2,3,0,0,0,4.81,1.32
24,542882,Matt,Andriese,Y,Matt Andriese,SEA,32,8,0,0,0,11.0,10,3,12,2,0,0,0,0,0,0,2.45,1.09
25,622088,Tejay,Antone,Y,Tejay Antone,CIN,27,23,0,0,0,33.2,17,8,42,13,3,2,0,3,4,8,2.14,0.89
26,502042,Chris,Archer,Y,Chris Archer,TB,33,6,5,0,0,19.1,18,10,21,8,3,1,1,0,0,0,4.66,1.34
27,685503,Kohei,Arihara,Y,Kohei Arihara,TEX,29,10,10,0,0,40.2,45,30,24,13,11,2,4,0,0,0,6.64,1.43
29,542888,Shawn,Armstrong,Y,Shawn Armstrong,TB,31,11,0,0,0,16.0,11,8,22,5,5,1,0,0,0,1,4.5,1.0
31,453562,Jake,Arrieta,Y,Jake Arrieta,SD,35,4,4,0,0,12.1,18,15,9,5,3,0,3,0,0,0,10.95,1.86
32,607455,Anthony,Banda,Y,Anthony Banda,PIT,28,25,0,0,0,26.1,25,10,25,12,4,1,2,0,2,4,3.42,1.41
33,453268,Daniel,Bard,Y,Daniel Bard,COL,36,67,0,0,0,65.2,69,38,80,36,8,7,8,20,8,4,5.21,1.6
34,669618,Joe,Barlow,Y,Joe Barlow,TEX,26,31,0,0,0,29.0,12,5,27,12,2,0,2,11,1,3,1.55,0.83
35,605130,Scott,Barlow,Y,Scott Barlow,KC,28,71,0,0,0,74.1,61,20,91,28,4,5,3,16,6,14,2.42,1.2
36,606930,Jacob,Barnes,Y,Jacob Barnes,NYM,31,19,0,0,0,18.2,19,13,18,5,6,1,1,2,0,1,6.27,1.29
37,598264,Matt,Barnes,Y,Matt Barnes,BOS,31,60,0,0,0,54.2,41,23,84,20,8,6,5,24,6,0,3.79,1.12
38,607457,Kyle,Barraclough,Y,Kyle Barraclough,MIN,31,10,0,0,0,13.0,12,8,18,8,4,2,0,0,0,1,5.54,1.54
39,642545,Jaime,Barria,Y,Jaime Barria,LAA,25,13,11,0,0,56.2,70,29,35,19,8,2,4,0,0,0,4.61,1.57
40,542914,Anthony,Bass,Y,Anthony Bass,MIA,33,70,1,0,0,61.1,55,26,58,24,11,3,9,0,4,19,3.82,1.29
41,605135,Chris,Bassitt,Y,Chris Bassitt,OAK,32,27,27,1,1,157.1,127,55,159,39,15,12,4,0,0,0,3.15,1.06
42,545333,Trevor,Bauer,Y,Trevor Bauer,LAD,30,17,17,1,0,107.2,71,31,137,37,19,8,5,0,0,0,2.59,1.0
43,669358,Shane,Baz,Y,Shane Baz,TB,22,3,3,0,0,13.1,6,3,18,3,3,2,0,0,0,0,2.03,0.68
44,670280,David,Bednar,Y,David Bednar,PIT,27,61,0,0,0,60.2,40,15,77,19,5,3,1,3,2,13,2.23,0.97
45,592135,Cam,Bedrosian,Y,Cam Bedrosian,PHI,30,11,1,0,0,10.1,8,5,8,7,2,0,0,0,1,1,4.35,1.45
47,621244,Jose,Berrios,Y,Jose Berrios,TOR,27,12,12,0,0,70.1,64,28,78,13,8,5,4,0,0,0,3.58,1.09
48,592145,Jesse,Biddle,Y,Jesse Biddle,ATL,29,8,0,0,0,10.2,10,10,11,8,1,0,0,0,0,0,8.44,1.69
49,669456,Shane,Bieber,Y,Shane Bieber,CLE,26,16,16,0,0,96.2,84,34,134,33,11,7,4,0,0,0,3.17,1.21
50,656232,Brandon,Bielak,Y,Brandon Bielak,HOU,25,28,2,0,0,50.0,48,25,46,21,5,3,4,1,1,2,4.5,1.38
51,621112,Paul,Blackburn,Y,Paul Blackburn,OAK,27,9,9,0,0,38.1,52,25,26,10,8,1,4,0,0,0,5.87,1.62
52,542947,Richard,Bleier,Y,Richard Bleier,MIA,34,68,0,0,0,58.0,51,19,44,6,4,3,2,0,6,20,2.95,0.98
53,621366,Ryan,Borucki,Y,Ryan Borucki,TOR,27,24,0,0,0,23.2,18,13,21,11,5,3,1,0,1,3,4.94,1.23
54,502202,Brad,Boxberger,Y,Brad Boxberger,MIL,33,71,0,0,0,64.2,44,24,83,25,8,5,4,4,5,23,3.34,1.07
55,542960,Brad,Brach,Y,Brad Brach,CIN,35,35,0,0,0,30.0,30,21,33,18,5,1,2,1,2,10,6.3,1.6
56,605151,Archie,Bradley,Y,Archie Bradley,PHI,29,53,0,0,0,51.0,51,21,40,22,5,7,3,2,3,14,3.71,1.43
57,518489,Ryan,Brasier,Y,Ryan Brasier,BOS,34,13,0,0,0,12.0,12,2,9,4,2,1,1,0,0,3,1.5,1.33
58,643230,Steven,Brault,Y,Steven Brault,PIT,29,7,7,0,0,27.2,33,18,19,12,3,0,3,0,0,0,5.86,1.63
59,605154,John,Brebbia,Y,John Brebbia,SF,31,18,0,0,0,18.1,25,12,22,4,4,0,1,0,0,1,5.89,1.58
60,592169,Austin,Brice,Y,Austin Brice,BOS,29,13,0,0,0,13.2,14,10,12,7,2,0,0,0,0,0,6.59,1.54
61,571521,Rex,Brothers,Y,Rex Brothers,CHC,33,57,0,0,0,53.0,41,31,75,35,9,3,2,1,0,8,5.26,1.43
62,664141,JT,Brubaker,Y,JT Brubaker,PIT,27,24,24,0,0,124.1,123,74,129,38,28,5,13,0,0,0,5.36,1.29
63,663460,Kris,Bubic,Y,Kris Bubic,KC,24,29,20,0,0,130.0,121,64,114,59,22,6,7,0,0,0,4.43,1.38
64,488748,Ryan,Buchter,Y,Ryan Buchter,ARI,34,18,0,0,0,16.1,16,12,16,13,5,0,2,0,1,0,6.61,1.78
65,621111,Walker,Buehler,Y,Walker Buehler,LAD,27,33,33,0,0,207.2,149,57,212,52,19,16,4,0,0,0,2.47,0.97
66,656266,J.B.,Bukauskas,Y,J.B. Bukauskas,ARI,25,21,0,0,0,17.1,24,15,14,7,4,2,2,0,1,1,7.79,1.79
67,518516,Madison,Bumgarner,Y,Madison Bumgarner,ARI,32,26,26,1,1,146.1,134,76,124,39,24,7,10,0,0,0,4.67,1.18
68,607481,Aaron,Bummer,Y,Aaron Bummer,CWS,28,62,0,0,0,56.1,42,22,75,29,3,5,5,2,6,21,3.51,1.26
69,605164,Dylan,Bundy,Y,Dylan Bundy,LAA,28,23,19,0,0,90.2,89,61,84,34,20,2,9,0,0,0,6.06,1.36
70,669203,Corbin,Burnes,Y,Corbin Burnes,MIL,26,28,28,0,0,167.0,123,45,234,34,7,11,5,0,0,0,2.43,0.94
71,665795,Edward,Cabrera,Y,Edward Cabrera,MIA,23,7,7,0,0,26.1,24,17,28,19,6,0,3,0,0,0,5.81,1.63
72,650893,Genesis,Cabrera,Y,Genesis Cabrera,STL,25,71,0,0,0,70.0,52,29,77,36,3,4,5,0,3,28,3.73,1.26
73,502239,Trevor,Cahill,Y,Trevor Cahill,PIT,33,9,8,0,0,37.0,42,27,32,14,4,1,5,0,0,0,6.57,1.51
74,656288,Griffin,Canning,Y,Griffin Canning,LAA,25,14,13,0,0,62.2,65,39,62,28,14,5,4,0,0,0,5.6,1.48
75,471911,Carlos,Carrasco,Y,Carlos Carrasco,NYM,34,12,12,0,0,53.2,59,36,50,18,12,1,5,0,0,0,6.04,1.43
77,650895,Diego,Castillo,Y,Diego Castillo,SEA,27,24,0,0,0,22.0,14,7,26,7,4,3,1,2,4,7,2.86,0.95
78,622491,Luis,Castillo,Y,Luis Castillo,CIN,28,33,33,0,0,187.2,181,83,192,75,19,8,16,0,0,0,3.98,1.36
79,612434,Miguel,Castro,Y,Miguel Castro,NYM,26,69,2,0,0,70.1,48,27,77,43,7,3,4,0,2,9,3.45,1.29
80,656302,Dylan,Cease,Y,Dylan Cease,CWS,25,32,32,1,1,165.2,139,72,226,68,20,13,7,0,0,0,3.91,1.25
82,570666,Luis,Cessa,Y,Luis Cessa,CIN,29,24,0,0,0,26.1,24,6,23,2,3,2,1,0,0,3,2.05,0.99
83,468504,Jhoulys,Chacin,Y,Jhoulys Chacin,COL,33,46,1,0,0,64.1,53,31,47,28,8,3,2,0,2,17,4.34,1.26
85,605177,Andrew,Chafin,Y,Andrew Chafin,OAK,31,28,0,0,0,29.1,24,5,27,7,3,2,2,5,2,5,1.53,1.06
86,547973,Aroldis,Chapman,Y,Aroldis Chapman,NYY,34,61,0,0,0,56.1,36,21,97,38,9,6,4,30,4,1,3.36,1.31
87,543022,Tyler,Chatwood,Y,Tyler Chatwood,TOR,31,30,0,0,0,28.0,20,17,32,20,1,1,2,1,1,10,5.46,1.43
88,445926,Jesse,Chavez,Y,Jesse Chavez,ATL,38,30,4,0,0,33.2,23,8,36,11,0,3,2,0,1,2,2.14,1.01
90,643256,Adam,Cimber,Y,Adam Cimber,MIA,31,33,0,0,0,34.1,30,11,21,11,0,1,2,0,0,0,2.88,1.19
91,518553,Steve,Cishek,Y,Steve Cishek,LAA,35,74,0,0,0,68.1,61,26,64,41,2,0,2,0,4,21,3.42,1.49
92,542585,Jose,Cisnero,Y,Jose Cisnero,DET,32,67,0,0,0,61.2,51,25,62,31,6,4,4,4,4,18,3.65,1.33
93,650644,Aaron,Civale,Y,Aaron Civale,CLE,26,21,21,0,0,124.1,108,53,99,31,23,12,5,0,0,0,3.84,1.12
94,664199,Taylor,Clarke,Y,Taylor Clarke,ARI,28,43,0,0,0,43.1,52,24,39,14,4,1,3,0,1,7,4.98,1.52
95,661403,Emmanuel,Clase,Y,Emmanuel Clase,CLE,23,71,0,0,0,69.2,51,10,74,16,2,4,5,24,5,6,1.29,0.96
96,592222,Alex,Claudio,Y,Alex Claudio,LAA,29,41,0,0,0,32.2,37,20,30,15,6,1,2,1,0,2,5.51,1.59
97,461325,Tyler,Clippard,Y,Tyler Clippard,ARI,36,26,0,0,0,25.1,22,9,21,11,3,1,1,6,3,3,3.2,1.3
98,502171,Alex,Cobb,Y,Alex Cobb,LAA,34,18,18,0,0,93.1,85,39,98,33,5,8,3,0,0,0,3.76,1.26
99,621129,Kyle,Cody,Y,Kyle Cody,TEX,27,7,0,0,0,11.1,16,10,14,2,3,0,2,0,0,0,7.94,1.59
100,543037,Gerrit,Cole,Y,Gerrit Cole,NYY,31,30,30,2,1,181.1,151,65,243,41,24,16,8,0,0,0,3.23,1.06
101,517008,Alex,Colome,Y,Alex Colome,MIN,32,67,0,0,0,65.0,68,30,58,23,8,4,4,17,7,5,4.15,1.4
102,543045,Adam,Conley,Y,Adam Conley,TB,31,17,0,0,0,19.2,14,5,16,6,2,0,0,0,0,0,2.29,1.02
103,571578,Patrick,Corbin,Y,Patrick Corbin,WAS,32,31,31,0,0,171.2,192,111,143,60,37,9,16,0,0,0,5.82,1.47
104,641482,Nestor,Cortes,Y,Nestor Cortes,NYY,26,22,14,0,0,93.0,75,30,103,25,14,2,3,0,0,0,2.9,1.08
105,605194,Jharel,Cotton,Y,Jharel Cotton,TEX,29,23,0,0,0,30.2,28,12,30,15,2,2,0,0,0,4,3.52,1.4
106,592233,Stefan,Crichton,Y,Stefan Crichton,ARI,29,31,0,0,0,23.1,33,19,17,12,3,0,4,4,0,5,7.33,1.93
107,605195,Kyle,Crick,Y,Kyle Crick,PIT,28,27,0,0,0,24.1,14,12,21,19,0,1,1,0,1,6,4.44,1.36
108,676979,Garrett,Crochet,Y,Garrett Crochet,CWS,22,54,0,0,0,54.1,42,17,65,27,2,3,5,0,1,12,2.82,1.27
109,456501,Johnny,Cueto,Y,Johnny Cueto,SF,35,22,21,0,0,114.2,127,52,98,30,15,7,7,0,0,0,4.08,1.37
110,595928,John,Curtiss,Y,John Curtiss,MIA,28,35,3,0,0,40.0,34,11,40,9,4,3,1,0,0,1,2.48,1.08
111,506433,Yu,Darvish,Y,Yu Darvish,SD,35,30,30,0,0,166.1,138,78,199,44,28,8,11,0,0,0,4.22,1.09
112,656353,Tucker,Davidson,Y,Tucker Davidson,ATL,25,4,4,0,0,20.0,15,8,18,8,3,0,0,0,0,0,3.6,1.15
113,605200,Zach,Davies,Y,Zach Davies,CHC,28,32,32,0,0,148.0,162,95,114,75,25,6,12,0,0,0,5.78,1.6
114,451584,Wade,Davis,Y,Wade Davis,KC,36,40,0,0,0,42.2,44,32,38,19,8,0,3,2,1,2,6.75,1.48
115,594795,Grant,Dayton,Y,Grant Dayton,ATL,33,13,0,0,0,13.0,15,9,14,6,2,0,0,0,0,1,6.23,1.62
116,594798,Jacob,deGrom,Y,Jacob deGrom,NYM,33,15,15,1,1,92.0,40,11,146,11,6,7,2,0,0,0,1.08,0.55
117,608328,Chase,De Jong,Y,Chase De Jong,PIT,27,9,9,0,0,43.2,49,28,39,19,11,1,4,0,0,0,5.77,1.56
118,592254,Jose,De Leon,Y,Jose De Leon,CIN,29,9,2,0,0,18.1,22,17,33,11,4,0,1,0,0,0,8.35,1.8
119,660853,Enyel,De Los Santos,Y,Enyel De Los Santos,PHI,25,26,0,0,0,28.0,34,21,42,14,7,1,1,0,2,1,6.75,1.71
120,543101,Anthony,DeSclafani,Y,Anthony DeSclafani,SF,31,31,31,2,2,167.2,141,59,152,42,19,13,7,0,0,0,3.17,1.09
121,672282,Reid,Detmers,Y,Reid Detmers,LAA,22,5,5,0,0,20.2,26,17,19,11,5,1,3,0,0,0,7.4,1.79
122,446321,Ross,Detwiler,Y,Ross Detwiler,MIA,35,46,5,0,0,45.1,41,25,56,15,8,2,1,0,0,1,4.96,1.24
123,621242,Edwin,Diaz,Y,Edwin Diaz,NYM,27,63,0,0,0,62.2,43,24,89,23,3,5,6,32,6,0,3.45,1.05
124,518617,Jake,Diekman,Y,Jake Diekman,OAK,34,67,0,0,0,60.2,47,26,83,34,10,3,3,7,7,14,3.86,1.34
125,677976,Randy,Dobnak,Y,Randy Dobnak,MIN,26,14,6,0,0,50.2,66,43,27,12,11,1,7,1,0,0,7.64,1.54
126,503569,Rafael,Dolis,Y,Rafael Dolis,TOR,33,39,0,0,0,32.0,29,20,39,27,2,2,3,3,1,3,5.63,1.75
128,448281,Sean,Doolittle,Y,Sean Doolittle,SEA,35,11,0,0,0,11.1,10,6,12,5,1,0,0,0,0,1,4.76,1.32
129,608648,Tyler,Duffey,Y,Tyler Duffey,MIN,30,64,0,0,0,62.1,48,22,61,28,4,3,3,3,2,22,3.18,1.22
130,518633,Danny,Duffy,Y,Danny Duffy,KC,32,13,12,0,0,61.0,52,17,65,22,6,4,3,0,0,0,2.51,1.21
131,667498,Robert,Dugger,Y,Robert Dugger,SEA,26,12,4,0,0,25.2,34,21,19,12,4,0,2,0,0,0,7.36,1.79
132,641540,Dane,Dunning,Y,Dane Dunning,TEX,26,27,25,0,0,117.2,126,59,114,43,13,5,10,0,0,0,4.51,1.44
133,643290,Justin,Dunn,Y,Justin Dunn,SEA,26,11,11,0,0,50.1,37,21,49,29,6,1,3,0,0,0,3.75,1.31
134,641541,Jon,Duplantier,Y,Jon Duplantier,ARI,27,4,4,0,0,13.0,19,19,12,8,5,0,3,0,0,0,13.15,2.08
135,621107,Zach,Eflin,Y,Zach Eflin,PHI,27,18,18,0,0,105.2,116,49,99,16,15,4,7,0,0,0,4.17,1.25
136,595191,Jerad,Eickhoff,Y,Jerad Eickhoff,NYM,31,5,4,0,0,19.2,30,19,13,10,9,0,2,0,0,0,8.69,2.03
137,543135,Nathan,Eovaldi,Y,Nathan Eovaldi,BOS,31,32,32,0,0,182.1,182,76,195,35,15,11,9,0,0,0,3.75,1.19
138,608032,Carlos,Estevez,Y,Carlos Estevez,COL,28,64,0,0,0,61.2,71,30,60,21,8,3,5,11,6,15,4.38,1.49
139,663770,Demarcus,Evans,Y,Demarcus Evans,TEX,24,25,0,0,0,26.1,24,15,33,16,4,0,2,0,2,2,5.13,1.52
140,544727,Jeurys,Familia,Y,Jeurys Familia,NYM,32,65,0,0,0,59.1,57,26,72,27,10,9,4,1,6,11,3.94,1.42
141,571656,Buck,Farmer,Y,Buck Farmer,DET,30,36,0,0,0,35.1,40,25,37,21,9,0,0,0,1,2,6.37,1.73
142,607200,Erick,Fedde,Y,Erick Fedde,WAS,28,29,27,0,0,133.1,144,81,128,48,23,7,9,0,1,0,5.47,1.44
144,656420,J.P.,Feyereisen,Y,J.P. Feyereisen,MIL,28,21,0,0,0,19.1,10,7,20,11,2,0,2,0,2,9,3.26,1.09
145,656427,Jack,Flaherty,Y,Jack Flaherty,STL,26,17,15,0,0,78.1,57,28,85,26,12,9,2,0,0,0,3.22,1.06
146,676596,Josh,Fleming,Y,Josh Fleming,TB,25,26,11,0,0,104.1,110,59,65,31,11,10,8,1,0,3,5.09,1.35
147,623167,Chris,Flexen,Y,Chris Flexen,SEA,27,31,31,0,0,179.2,185,72,125,40,19,14,6,0,0,0,3.61,1.25
148,571670,Dylan,Floro,Y,Dylan Floro,MIA,30,68,0,0,0,64.0,53,20,62,25,2,6,6,15,6,11,2.81,1.22
149,592314,Mike,Foltynewicz,Y,Mike Foltynewicz,TEX,30,28,24,0,0,139.0,139,84,97,36,35,2,12,0,0,0,5.44,1.26
150,641582,Matt,Foster,Y,Matt Foster,CWS,26,37,0,0,0,39.0,43,26,40,13,9,2,1,1,1,2,6.0,1.44
151,607536,Kyle,Freeland,Y,Kyle Freeland,COL,28,23,23,0,0,120.2,133,58,105,38,20,7,8,0,0,0,4.33,1.42
152,608331,Max,Fried,Y,Max Fried,ATL,27,28,28,2,2,165.2,139,56,158,41,15,14,7,0,0,0,3.04,1.09
153,643316,Paul,Fry,Y,Paul Fry,BAL,29,52,0,0,0,47.1,37,32,60,35,3,4,5,2,2,11,6.08,1.52
154,608334,Carson,Fulmer,Y,Carson Fulmer,CIN,27,20,0,0,0,25.2,26,19,24,13,3,0,0,0,0,1,6.66,1.52
155,605242,Michael,Fulmer,Y,Michael Fulmer,DET,28,52,4,0,0,69.2,69,23,73,20,7,5,6,14,4,9,2.97,1.28
156,606149,Giovanny,Gallegos,Y,Giovanny Gallegos,STL,30,73,0,0,0,80.1,51,27,95,20,6,6,5,14,8,24,3.02,0.88
157,668678,Zac,Gallen,Y,Zac Gallen,ARI,26,23,23,1,1,121.1,108,58,139,49,19,4,10,0,0,0,4.3,1.29
159,607231,John,Gant,Y,John Gant,MIN,29,14,7,0,0,33.2,31,21,36,15,4,1,5,0,0,1,5.61,1.37
160,650530,Bryan,Garcia,Y,Bryan Garcia,DET,26,39,0,0,0,39.1,48,33,32,25,10,3,2,2,1,3,7.55,1.86
161,658305,Edgar,Garcia,Y,Edgar Garcia,MIN,25,6,0,0,0,10.1,9,12,8,7,3,0,0,0,0,1,10.45,1.55
162,606424,Jarlin,Garcia,Y,Jarlin Garcia,SF,28,58,0,0,0,68.2,48,20,68,18,9,6,3,1,2,11,2.62,0.96
164,472610,Luis,Garcia,Y,Luis Garcia,STL,34,34,0,0,0,33.1,25,12,34,8,2,1,1,2,1,11,3.24,0.99
166,677651,Luis,Garcia,Y,Luis Garcia,STL,34,34,0,0,0,33.1,25,12,34,8,2,1,1,2,1,11,3.24,0.99
168,554340,Yimi,Garcia,Y,Yimi Garcia,HOU,31,23,0,0,0,21.1,18,13,25,5,3,1,2,0,0,2,5.48,1.08
169,607237,Amir,Garrett,Y,Amir Garrett,CIN,29,63,0,0,0,47.2,46,32,61,29,9,0,4,7,4,7,6.04,1.57
170,666129,Braxton,Garrett,Y,Braxton Garrett,MIA,24,8,7,0,0,34.0,42,19,32,20,3,1,2,0,0,0,5.03,1.82
171,592332,Kevin,Gausman,Y,Kevin Gausman,SF,30,33,33,0,0,192.0,150,60,227,50,20,14,6,0,0,0,2.81,1.04
172,593334,Domingo,German,Y,Domingo German,NYY,29,22,18,0,0,98.1,89,50,98,27,17,4,5,0,0,1,4.58,1.18
174,502043,Kyle,Gibson,Y,Kyle Gibson,PHI,33,12,11,0,0,69.0,66,39,61,23,8,4,6,0,0,0,5.09,1.29
175,669302,Logan,Gilbert,Y,Logan Gilbert,SEA,24,24,24,0,0,119.1,112,62,128,28,17,6,5,0,0,0,4.68,1.17
176,656464,Kevin,Ginkel,Y,Kevin Ginkel,ARI,27,32,0,0,0,28.1,30,20,31,14,7,0,1,0,1,6,6.35,1.55
177,608337,Lucas,Giolito,Y,Lucas Giolito,CWS,27,31,31,1,0,178.2,145,70,201,52,27,11,9,0,0,0,3.53,1.1
179,571710,Mychal,Givens,Y,Mychal Givens,CIN,31,23,0,0,0,21.1,18,10,20,13,2,1,1,8,2,3,4.22,1.45
180,607192,Tyler,Glasnow,Y,Tyler Glasnow,TB,28,14,14,0,0,88.0,55,26,123,27,10,5,2,0,0,0,2.66,0.93
181,596295,Austin,Gomber,Y,Austin Gomber,COL,27,23,23,0,0,115.1,102,58,113,41,20,9,9,0,0,0,4.53,1.24
182,664062,Tony,Gonsolin,Y,Tony Gonsolin,LAD,27,15,13,0,0,55.2,41,20,65,34,8,4,1,0,0,0,3.23,1.35
183,592346,Chi Chi,Gonzalez,Y,Chi Chi Gonzalez,COL,29,24,18,0,0,101.2,127,73,56,28,18,3,7,0,0,0,6.46,1.52
184,594835,Marco,Gonzales,Y,Marco Gonzales,SEA,29,25,25,1,0,143.1,125,63,108,42,29,10,6,0,0,0,3.96,1.17
185,624647,Victor,Gonzalez,Y,Victor Gonzalez,LAD,25,44,1,0,0,35.1,32,14,33,19,3,3,1,1,1,16,3.57,1.44
186,660813,Brusdar,Graterol,Y,Brusdar Graterol,LAD,23,34,1,0,0,33.1,34,17,27,13,2,3,0,0,2,5,4.59,1.41
188,608665,Kendall,Graveman,Y,Kendall Graveman,HOU,30,23,0,0,0,23.0,20,8,27,12,1,1,1,0,3,7,3.13,1.39
189,592351,Jon,Gray,Y,Jon Gray,COL,29,29,29,0,0,149.0,140,76,157,58,21,8,12,0,0,0,4.59,1.33
190,680686,Josiah,Gray,Y,Josiah Gray,WAS,23,12,12,0,0,62.2,56,37,63,28,15,2,2,0,0,0,5.31,1.34
191,543243,Sonny,Gray,Y,Sonny Gray,CIN,31,26,26,0,0,135.1,115,63,155,50,19,7,9,0,0,0,4.19,1.22
192,643338,Chad,Green,Y,Chad Green,NYY,30,67,0,0,0,83.2,57,29,99,17,14,10,7,6,6,19,3.12,0.88
193,641632,Conner,Greene,Y,Conner Greene,BAL,26,22,1,0,0,23.1,30,20,24,12,1,1,3,0,4,1,7.71,1.8
194,572888,Shane,Greene,Y,Shane Greene,ATL,32,19,0,0,0,17.0,22,16,17,9,5,0,1,0,1,2,8.47,1.82
195,425844,Zack,Greinke,Y,Zack Greinke,HOU,37,30,29,1,0,171.0,164,79,120,36,30,11,6,0,0,1,4.16,1.17
196,607229,Robert,Gsellman,Y,Robert Gsellman,NYM,28,17,1,0,0,28.2,27,12,17,7,3,0,1,0,0,1,3.77,1.19
197,448855,Junior,Guerra,Y,Junior Guerra,LAA,36,41,1,0,0,65.1,67,44,61,46,6,5,2,0,2,3,6.06,1.73
198,594311,Jandel,Gustave,Y,Jandel Gustave,MIL,29,14,0,0,0,18.1,15,7,13,5,2,1,2,0,1,0,3.44,1.09
199,661269,Vladimir,Gutierrez,Y,Vladimir Gutierrez,CIN,26,22,22,0,0,114.0,115,60,88,46,20,9,6,0,0,0,4.74,1.41
200,623352,Josh,Hader,Y,Josh Hader,MIL,27,60,0,0,0,58.2,25,8,102,24,3,4,2,34,1,0,1.23,0.84
201,571735,David,Hale,Y,David Hale,PHI,34,17,1,0,0,26.2,30,19,21,9,5,0,2,0,1,0,6.41,1.46
203,543272,Brad,Hand,Y,Brad Hand,NYM,31,16,0,0,0,13.1,12,4,14,5,1,1,0,0,2,3,2.7,1.28
205,457918,J.A.,Happ,Y,J.A. Happ,STL,39,11,11,0,0,54.0,52,24,45,17,9,5,2,0,0,0,4.0,1.28
206,607560,Ryne,Harper,Y,Ryne Harper,WAS,32,34,0,0,0,35.2,28,16,31,14,6,0,2,0,1,3,4.04,1.18
207,518774,Matt,Harvey,Y,Matt Harvey,BAL,32,28,28,0,0,127.2,160,89,95,37,19,6,14,0,0,0,6.27,1.54
209,571760,Andrew,Heaney,Y,Andrew Heaney,NYY,30,12,5,0,0,35.2,38,29,37,10,13,2,2,0,1,0,7.32,1.35
210,621368,Taylor,Hearn,Y,Taylor Hearn,TEX,27,42,11,0,0,104.1,96,54,92,42,17,6,6,0,1,1,4.66,1.32
211,664854,Ryan,Helsley,Y,Ryan Helsley,STL,27,51,0,0,0,47.1,40,24,47,27,4,6,4,1,2,10,4.56,1.42
213,592390,Heath,Hembree,Y,Heath Hembree,NYM,32,15,0,0,0,15.2,13,6,15,5,2,0,0,1,0,1,3.45,1.15
214,543294,Kyle,Hendricks,Y,Kyle Hendricks,CHC,31,32,32,1,0,181.0,200,96,131,44,31,14,7,0,0,0,4.77,1.35
215,521230,Liam,Hendriks,Y,Liam Hendriks,CWS,32,69,0,0,0,71.0,45,20,113,7,11,8,3,38,6,0,2.54,0.73
216,656529,Sam,Hentges,Y,Sam Hentges,CLE,25,30,12,0,0,68.2,90,51,68,32,10,1,4,0,0,0,6.68,1.78
217,650382,Darwinzon,Hernandez,Y,Darwinzon Hernandez,BOS,24,48,0,0,0,40.0,29,15,54,31,5,2,2,0,4,12,3.38,1.5
218,622694,Elieser,Hernandez,Y,Elieser Hernandez,MIA,26,11,10,0,0,51.2,54,24,53,14,13,1,3,0,0,0,4.18,1.32
219,605276,David,Hess,Y,David Hess,MIA,28,14,1,0,0,18.0,24,16,16,10,7,2,2,0,2,2,8.0,1.89
221,676051,Codi,Heuer,Y,Codi Heuer,CHC,25,25,0,0,0,28.2,20,10,17,13,2,3,3,2,3,4,3.14,1.15
223,448179,Rich,Hill,Y,Rich Hill,NYM,41,13,12,0,0,63.1,62,27,59,19,7,1,4,0,0,0,3.84,1.28
224,657612,Tim,Hill,Y,Tim Hill,SD,31,78,0,0,0,59.2,51,24,56,23,9,6,6,1,4,17,3.62,1.24
225,656546,Jeff,Hoffman,Y,Jeff Hoffman,CIN,28,31,11,0,0,73.0,70,37,79,45,12,3,5,0,0,2,4.56,1.58
226,502706,Derek,Holland,Y,Derek Holland,DET,35,39,1,0,0,49.2,58,28,51,20,6,3,2,0,0,5,5.07,1.57
227,518813,Greg,Holland,Y,Greg Holland,KC,35,57,0,0,0,55.2,49,30,53,26,9,3,5,8,4,8,4.85,1.35
229,605280,Clay,Holmes,Y,Clay Holmes,NYY,28,25,0,0,0,28.0,18,5,34,4,2,5,2,0,2,6,1.61,0.79
230,656557,Tanner,Houck,Y,Tanner Houck,BOS,25,18,13,0,0,69.0,57,27,87,21,4,1,5,1,0,1,3.52,1.13
231,605288,Adrian,Houser,Y,Adrian Houser,MIL,28,28,26,1,1,142.1,118,51,105,64,12,10,6,0,0,0,3.22,1.28
233,675921,Spencer,Howard,Y,Spencer Howard,TEX,25,8,8,0,0,21.1,28,23,21,10,5,0,3,0,0,0,9.7,1.78
235,543339,Daniel,Hudson,Y,Daniel Hudson,SD,34,23,0,0,0,19.0,17,11,27,9,4,1,2,0,1,2,5.21,1.37
236,571800,Drew,Hutchison,Y,Drew Hutchison,DET,31,9,2,0,0,21.1,20,5,10,11,1,3,1,0,1,0,2.11,1.45
237,628452,Raisel,Iglesias,Y,Raisel Iglesias,LAA,31,65,0,0,0,70.0,53,20,103,12,11,7,5,34,5,0,2.57,0.93
238,608344,Cole,Irvin,Y,Cole Irvin,OAK,27,32,32,0,0,178.1,195,84,125,42,23,10,15,0,0,0,4.24,1.33
239,543351,Jay,Jackson,Y,Jay Jackson,SF,33,23,1,0,0,21.2,15,9,28,12,3,2,1,0,2,4,3.74,1.25
240,592426,Luke,Jackson,Y,Luke Jackson,ATL,30,71,0,0,0,63.2,45,14,70,29,6,2,2,0,4,31,1.98,1.16
241,445276,Kenley,Jansen,Y,Kenley Jansen,LAD,34,69,0,0,0,69.0,36,17,86,36,4,4,4,38,5,0,2.22,1.04
242,664299,Cristian,Javier,Y,Cristian Javier,HOU,24,36,9,0,0,101.1,67,40,130,53,16,4,1,2,2,5,3.55,1.18
243,641726,Daulton,Jefferies,Y,Daulton Jefferies,OAK,26,5,1,0,0,15.0,11,6,8,4,1,1,0,0,0,0,3.6,1.0
244,641729,Joe,Jimenez,Y,Joe Jimenez,DET,26,52,0,0,0,45.1,34,30,57,35,6,6,1,1,1,5,5.96,1.52
245,572955,Pierce,Johnson,Y,Pierce Johnson,SD,30,63,2,0,0,58.2,47,21,77,27,6,3,4,0,2,9,3.22,1.26
246,518858,Nate,Jones,Y,Nate Jones,ATL,35,12,0,0,0,10.1,8,4,7,10,3,0,2,0,1,2,3.48,1.74
247,596001,Jakob,Junis,Y,Jakob Junis,KC,29,16,6,0,0,39.1,43,23,41,12,7,2,4,0,2,0,5.26,1.4
248,621076,James,Kaprielian,Y,James Kaprielian,OAK,27,24,21,0,0,119.1,105,54,123,41,19,8,5,0,0,0,4.07,1.22
249,675916,James,Karinchak,Y,James Karinchak,CLE,26,60,0,0,0,55.1,35,25,78,32,9,7,4,11,5,13,4.07,1.21
250,641743,Anthony,Kay,Y,Anthony Kay,TOR,26,11,5,0,0,33.2,38,21,39,18,7,1,2,0,0,0,5.61,1.66
251,431148,Scott,Kazmir,N,Scott Kazmir,SF,37,5,4,0,0,11.1,15,8,10,6,3,0,1,0,0,0,6.35,1.85
252,605309,Keone,Kela,Y,Keone Kela,SD,28,12,0,0,0,10.2,11,6,13,3,3,2,2,0,2,1,5.06,1.31
253,641745,Brad,Keller,Y,Brad Keller,KC,26,26,26,0,0,133.2,158,80,120,64,18,8,12,0,0,0,5.39,1.66
254,656605,Mitch,Keller,Y,Mitch Keller,PIT,25,23,23,0,0,100.2,131,69,92,49,10,5,11,0,0,0,6.17,1.79
255,523260,Joe,Kelly,Y,Joe Kelly,LAD,33,48,0,0,0,44.0,28,14,50,15,3,2,0,2,1,10,2.86,0.98
256,518876,Merrill,Kelly,Y,Merrill Kelly,ARI,33,27,27,0,0,158.0,163,78,130,41,21,7,11,0,0,0,4.44,1.29
258,453178,Ian,Kennedy,Y,Ian Kennedy,PHI,36,23,0,0,0,24.0,18,11,27,10,7,3,1,10,3,0,4.13,1.17
259,477132,Clayton,Kershaw,Y,Clayton Kershaw,LAD,33,22,22,0,0,121.2,103,48,144,21,15,10,8,0,0,0,3.55,1.02
260,572971,Dallas,Keuchel,Y,Dallas Keuchel,CWS,33,32,30,0,0,162.0,189,95,95,59,25,9,9,0,0,0,5.28,1.53
261,579328,Yusei,Kikuchi,Y,Yusei Kikuchi,SEA,30,29,29,0,0,157.0,145,77,163,62,27,7,9,0,0,0,4.41,1.32
263,518886,Craig,Kimbrel,Y,Craig Kimbrel,CWS,33,24,0,0,0,23.0,18,13,36,10,5,2,2,1,3,7,5.09,1.22
264,650633,Michael,King,Y,Michael King,NYY,26,22,6,0,0,63.1,57,25,62,24,6,2,4,0,0,2,3.55,1.28
265,641755,Tyler,Kinley,Y,Tyler Kinley,COL,30,70,0,0,0,70.1,59,37,68,26,12,3,2,0,4,10,4.73,1.21
266,445213,Brandon,Kintzler,Y,Brandon Kintzler,PHI,37,29,1,0,0,29.2,45,21,22,8,7,2,1,0,2,2,6.37,1.79
267,552640,Andrew,Kittredge,Y,Andrew Kittredge,TB,31,57,4,0,0,71.2,55,15,77,15,7,9,3,8,1,7,1.88,0.98
268,446372,Corey,Kluber,Y,Corey Kluber,NYY,35,16,16,1,1,80.0,74,34,82,33,8,5,3,0,0,0,3.83,1.34
269,608349,Corey,Knebel,Y,Corey Knebel,LAD,29,27,4,0,0,25.2,16,7,30,9,2,4,0,3,2,9,2.45,0.97
270,656629,Michael,Kopech,Y,Michael Kopech,CWS,25,44,4,0,0,69.1,54,27,103,24,9,4,3,0,1,14,3.5,1.13
271,663804,Jackson,Kowar,Y,Jackson Kowar,KC,25,9,8,0,0,30.1,43,38,29,20,7,0,6,0,0,0,11.27,2.08
272,665152,Dean,Kremer,Y,Dean Kremer,BAL,25,13,13,0,0,53.2,63,45,47,25,17,0,7,0,0,0,7.55,1.64
273,571871,Ian,Krol,Y,Ian Krol,DET,30,18,0,0,0,18.2,23,9,18,8,2,0,0,0,0,0,4.34,1.66
274,641771,Chad,Kuhl,Y,Chad Kuhl,PIT,29,28,14,0,0,80.1,73,43,75,42,13,5,7,0,2,4,4.82,1.43
275,664042,Travis,Lakins,Y,Travis Lakins,BAL,27,24,1,0,0,28.0,23,18,24,17,4,1,4,0,1,3,5.79,1.43
276,659275,Dinelson,Lamet,Y,Dinelson Lamet,SD,29,22,9,0,0,47.0,48,23,57,22,6,2,4,0,0,1,4.4,1.49
277,641778,Eric,Lauer,Y,Eric Lauer,MIL,26,24,20,0,0,118.2,94,42,117,41,16,7,5,0,0,0,3.19,1.14
278,571882,Derek,Law,Y,Derek Law,MIN,31,9,0,0,0,15.0,16,7,14,8,2,0,0,0,0,0,4.2,1.6
279,453281,Wade,LeBlanc,Y,Wade LeBlanc,STL,37,12,8,0,0,42.1,45,17,23,16,7,0,1,0,0,0,3.61,1.44
280,608678,Dominic,Leone,Y,Dominic Leone,SF,29,57,4,0,0,53.2,37,9,50,22,2,4,5,2,2,15,1.51,1.1
282,452657,Jon,Lester,Y,Jon Lester,STL,37,12,12,0,0,66.0,68,32,40,26,11,4,1,0,0,0,4.36,1.42
283,458676,Josh,Lindblom,Y,Josh Lindblom,MIL,34,8,0,0,0,16.2,23,18,17,10,5,0,0,0,0,0,9.72,1.98
284,641793,Zack,Littell,Y,Zack Littell,SF,26,63,2,0,0,61.2,46,20,63,24,7,4,0,2,4,5,2.92,1.14
285,642528,Jonathan,Loaisiga,Y,Jonathan Loaisiga,NYY,26,57,0,0,0,70.2,56,17,69,16,3,9,4,5,4,17,2.17,1.02
286,669674,Sammy,Long,Y,Sammy Long,SF,26,12,5,0,0,40.2,37,25,38,15,5,2,1,0,0,0,5.53,1.28
287,605347,Jorge,Lopez,Y,Jorge Lopez,BAL,28,33,25,0,0,121.2,142,82,112,56,21,3,14,0,1,2,6.07,1.63
288,641154,Pablo,Lopez,Y,Pablo Lopez,MIA,25,20,20,0,0,102.2,89,35,115,26,11,5,5,0,0,0,3.07,1.12
289,625643,Reynaldo,Lopez,Y,Reynaldo Lopez,CWS,27,20,9,0,0,57.2,42,22,55,13,10,4,4,0,0,0,3.43,0.95
290,661255,Yoan,Lopez,Y,Yoan Lopez,ARI,28,13,0,0,0,12.1,18,9,13,6,3,0,0,0,3,2,6.57,1.95
291,547179,Michael,Lorenzen,Y,Michael Lorenzen,CIN,29,27,0,0,0,29.0,26,18,21,14,2,1,2,4,0,11,5.59,1.38
292,571901,Aaron,Loup,Y,Aaron Loup,NYM,33,65,2,0,0,56.2,37,6,57,16,1,6,0,0,4,16,0.95,0.94
293,664192,Joey,Lucchesi,Y,Joey Lucchesi,NYM,28,11,8,0,0,38.1,34,19,41,11,4,1,4,0,0,0,4.46,1.17
294,476595,Lucas,Luetge,Y,Lucas Luetge,NYY,34,57,1,0,0,72.1,67,22,78,15,6,4,2,1,2,3,2.74,1.13
295,607625,Seth,Lugo,Y,Seth Lugo,NYM,31,46,0,0,0,46.1,41,18,55,19,6,4,3,1,3,13,3.5,1.29
297,666200,Jesus,Luzardo,Y,Jesus Luzardo,OAK,24,13,6,0,0,38.0,46,29,40,16,11,2,4,0,0,1,6.87,1.63
298,543475,Jordan,Lyles,Y,Jordan Lyles,TEX,31,32,30,0,0,180.0,194,103,146,56,38,10,13,0,0,0,5.15,1.39
299,663738,Daniel,Lynch,Y,Daniel Lynch,KC,24,15,15,0,0,68.0,80,43,55,31,9,4,6,0,0,0,5.69,1.63
300,458681,Lance,Lynn,Y,Lance Lynn,CWS,34,28,28,1,1,157.0,123,47,176,45,18,11,6,0,0,0,2.69,1.07
301,628317,Kenta,Maeda,Y,Kenta Maeda,MIN,33,21,21,0,0,106.1,106,55,113,32,16,6,5,0,0,0,4.66,1.3
302,641816,Tyler,Mahle,Y,Tyler Mahle,CIN,27,33,33,0,0,180.0,158,75,210,64,24,13,6,0,0,0,3.75,1.23
303,640455,Sean,Manaea,Y,Sean Manaea,OAK,29,32,32,2,2,179.1,179,78,194,41,25,11,10,0,0,0,3.91,1.23
304,666159,Matt,Manning,Y,Matt Manning,DET,23,18,18,0,0,85.1,96,55,57,33,10,4,7,0,0,0,5.8,1.51
305,666201,Alek,Manoah,Y,Alek Manoah,TOR,23,20,20,0,0,111.2,77,40,127,40,12,9,2,0,0,0,3.22,1.05
306,676606,Nick,Margevicius,Y,Nick Margevicius,SEA,25,5,3,0,0,12.0,13,11,12,7,2,0,2,0,0,0,8.25,1.67
307,608566,German,Marquez,Y,German Marquez,COL,26,32,32,3,1,180.0,165,88,176,64,21,12,11,0,0,0,4.4,1.27
308,605359,Evan,Marshall,Y,Evan Marshall,CWS,31,27,0,0,0,27.1,28,17,26,9,5,0,2,0,4,6,5.6,1.35
309,656685,Brett,Martin,Y,Brett Martin,TEX,26,66,0,0,0,62.1,67,22,42,14,5,4,4,0,2,11,3.18,1.3
310,593372,Carlos,Martinez,Y,Carlos Martinez,STL,30,16,16,0,0,82.1,77,57,57,36,8,4,9,0,0,0,6.23,1.37
311,455119,Chris,Martin,Y,Chris Martin,ATL,35,46,0,0,0,43.1,49,19,33,6,4,2,4,1,4,13,3.95,1.27
312,656686,Corbin,Martin,Y,Corbin Martin,ARI,25,5,3,0,0,16.0,23,19,13,14,5,0,3,0,0,0,10.69,2.31
314,664208,Phil,Maton,Y,Phil Maton,HOU,28,27,0,0,0,25.1,29,14,24,12,2,4,0,0,3,2,4.97,1.62
315,554431,Tyler,Matzek,Y,Tyler Matzek,ATL,31,69,0,0,0,63.0,40,18,77,37,3,0,4,0,0,24,2.57,1.22
316,571927,Steven,Matz,Y,Steven Matz,TOR,30,29,29,0,0,150.2,158,64,144,43,18,14,7,0,0,0,3.82,1.33
317,669160,Dustin,May,Y,Dustin May,LAD,24,5,5,0,0,23.0,16,7,35,6,4,1,1,0,0,0,2.74,0.96
318,594577,Mike,Mayers,Y,Mike Mayers,LAA,29,72,2,0,0,75.0,71,32,90,26,11,5,5,2,3,17,3.84,1.29
319,543507,Trevor,May,Y,Trevor May,NYM,32,68,0,0,0,62.2,55,25,83,24,10,7,3,4,3,16,3.59,1.26
320,641835,Tim,Mayza,Y,Tim Mayza,TOR,29,61,0,0,0,53.0,40,20,57,12,5,5,2,1,3,18,3.4,0.98
321,663556,Shane,McClanahan,Y,Shane McClanahan,TB,24,25,25,0,0,123.1,120,47,141,37,14,10,6,0,0,0,3.43,1.27
322,621121,Lance,McCullers,Y,Lance McCullers,HOU,28,28,28,0,0,162.1,122,57,185,76,13,13,5,0,0,0,3.16,1.22
323,519008,T.J.,McFarland,Y,T.J. McFarland,STL,32,38,0,0,0,38.2,32,11,21,9,3,4,1,0,1,15,2.56,1.06
324,459429,Jake,McGee,Y,Jake McGee,SF,35,62,0,0,0,59.2,44,18,58,10,7,3,2,31,5,8,2.72,0.91
325,543521,Collin,McHugh,Y,Collin McHugh,TB,34,37,7,0,0,64.0,48,11,74,12,3,6,1,1,2,7,1.55,0.94
326,663474,Triston,McKenzie,Y,Triston McKenzie,CLE,24,25,24,0,0,120.0,84,66,136,58,21,5,9,0,0,0,4.95,1.18
327,607644,John,Means,Y,John Means,BAL,28,26,26,1,1,146.2,125,59,134,26,30,6,9,0,0,0,3.62,1.03
328,453343,Mark,Melancon,Y,Mark Melancon,SD,36,64,0,0,0,64.2,54,16,59,25,4,4,3,39,6,0,2.23,1.22
329,669214,Conner,Menez,Y,Conner Menez,SF,26,8,1,0,0,14.0,16,6,15,3,2,1,0,0,0,2,3.86,1.36
330,657240,Julian,Merryweather,Y,Julian Merryweather,TOR,30,13,1,0,0,13.0,13,7,12,4,4,0,1,2,0,1,4.85,1.31
331,641871,Keynan,Middleton,Y,Keynan Middleton,SEA,28,32,1,0,0,31.0,30,17,24,19,2,1,2,4,0,3,4.94,1.58
332,571945,Miles,Mikolas,Y,Miles Mikolas,STL,33,9,9,0,0,44.2,43,21,31,11,6,2,3,0,0,0,4.23,1.21
333,489119,Wade,Miley,Y,Wade Miley,CIN,34,28,28,1,1,163.0,166,61,125,50,17,12,7,0,0,0,3.37,1.33
334,453192,Andrew,Miller,Y,Andrew Miller,STL,36,40,0,0,0,36.0,41,19,40,16,5,0,0,0,0,4,4.75,1.58
335,502522,Justin,Miller,Y,Justin Miller,STL,34,18,0,0,0,16.0,15,8,9,5,2,1,0,1,0,1,4.5,1.25
336,571946,Shelby,Miller,Y,Shelby Miller,PIT,31,10,0,0,0,10.2,9,6,7,6,3,0,1,0,0,1,5.06,1.41
337,621219,Alec,Mills,Y,Alec Mills,CHC,29,32,20,0,0,119.0,137,67,87,34,16,6,7,1,0,0,5.07,1.44
338,543548,Tommy,Milone,Y,Tommy Milone,TOR,34,6,1,0,0,14.0,20,10,17,3,3,1,0,1,0,0,6.43,1.64
339,573668,Juan,Minaya,Y,Juan Minaya,MIN,31,29,0,0,0,40.0,27,11,43,20,4,2,1,0,0,7,2.48,1.18
340,501985,Mike,Minor,Y,Mike Minor,KC,33,28,28,0,0,158.2,156,89,149,41,26,8,12,0,0,0,5.05,1.24
341,621345,A.J.,Minter,Y,A.J. Minter,ATL,28,61,0,0,0,52.1,44,22,57,20,2,3,6,0,6,23,3.78,1.22
342,663554,Casey,Mize,Y,Casey Mize,DET,24,30,30,1,0,150.1,130,62,118,41,24,7,9,0,0,0,3.71,1.14
343,593423,Frankie,Montas,Y,Frankie Montas,OAK,28,32,32,0,0,187.0,164,70,207,57,20,13,9,0,0,0,3.37,1.18
344,606160,Rafael,Montero,Y,Rafael Montero,SEA,31,40,0,0,0,43.1,56,35,37,15,4,5,3,7,6,4,7.27,1.64
345,656756,Jordan,Montgomery,Y,Jordan Montgomery,NYY,28,30,30,0,0,157.1,150,67,162,51,19,6,7,0,0,0,3.83,1.28
346,519043,Matt,Moore,Y,Matt Moore,PHI,32,24,13,0,0,73.0,78,51,63,38,15,2,4,0,0,1,6.29,1.59
347,605388,Adam,Morgan,Y,Adam Morgan,CHC,31,34,0,0,0,25.1,22,12,28,12,6,2,1,2,2,4,4.26,1.34
348,596049,Shawn,Morimando,Y,Shawn Morimando,MIA,28,4,0,0,0,10.1,18,11,9,5,2,0,0,0,0,0,9.58,2.23
349,450203,Charlie,Morton,Y,Charlie Morton,ATL,37,33,33,0,0,185.2,136,69,216,58,16,14,6,0,0,0,3.34,1.04
351,666205,Kyle,Muller,Y,Kyle Muller,ATL,24,9,8,0,0,36.2,26,17,37,20,2,2,4,0,0,0,4.17,1.25
352,605397,Joe,Musgrove,Y,Joe Musgrove,SD,28,32,31,2,2,181.1,142,64,203,54,22,11,9,0,0,0,3.18,1.08
353,663734,Nick,Neidert,Y,Nick Neidert,MIA,24,8,7,0,0,35.2,31,18,21,23,4,1,2,0,0,0,4.54,1.51
354,519076,Jimmy,Nelson,Y,Jimmy Nelson,LAD,32,28,1,0,0,29.0,14,6,44,13,0,1,2,0,1,6,1.86,0.93
355,593576,Hector,Neris,Y,Hector Neris,PHI,32,74,0,0,0,74.1,55,30,98,32,12,4,7,12,7,11,3.63,1.17
356,656794,Sean,Newcomb,Y,Sean Newcomb,ATL,28,32,0,0,0,32.1,28,17,43,27,1,2,0,1,1,2,4.73,1.7
357,605400,Aaron,Nola,Y,Aaron Nola,PHI,28,32,32,1,1,180.2,165,93,223,39,26,9,9,0,0,0,4.63,1.13
358,543594,Sean,Nolin,Y,Sean Nolin,WAS,31,10,5,0,0,26.2,32,13,20,13,4,0,2,0,0,0,4.39,1.69
360,596057,Daniel,Norris,Y,Daniel Norris,MIL,28,18,0,0,0,20.1,17,15,18,15,5,1,0,0,1,1,6.64,1.57
361,641927,Bailey,Ober,Y,Bailey Ober,MIN,26,20,20,0,0,92.1,92,43,96,19,20,3,3,0,0,0,4.19,1.2
362,503285,Darren,O'Day,Y,Darren O'Day,NYY,38,12,0,0,0,10.2,9,4,11,4,2,0,0,0,0,4,3.38,1.22
363,543606,Jake,Odorizzi,Y,Jake Odorizzi,HOU,31,24,23,0,0,104.2,97,49,91,34,16,6,7,0,0,0,4.21,1.25
364,595345,Steven,Okert,Y,Steven Okert,MIA,30,34,0,0,0,36.0,22,11,40,15,5,3,1,0,0,1,2.75,1.03
365,592612,Josh,Osich,Y,Josh Osich,CIN,33,17,0,0,0,14.1,15,8,9,5,4,2,0,1,2,3,5.02,1.4
366,621261,Corey,Oswalt,Y,Corey Oswalt,NYM,28,3,1,0,0,10.1,12,4,10,2,1,1,1,0,0,1,3.48,1.35
367,493603,Adam,Ottavino,Y,Adam Ottavino,BOS,35,69,0,0,0,62.0,55,29,71,35,5,7,3,11,6,23,4.21,1.45
368,670912,Johan,Oviedo,Y,Johan Oviedo,STL,23,14,13,0,0,62.1,61,34,51,37,8,0,5,0,0,0,4.91,1.57
369,663978,Chris,Paddack,Y,Chris Paddack,SD,25,23,22,0,0,108.1,115,61,99,22,15,7,7,0,0,0,5.07,1.26
370,641941,Emilio,Pagan,Y,Emilio Pagan,SD,30,67,0,0,0,63.1,56,34,69,18,16,4,3,0,5,19,4.83,1.17
371,453284,Blake,Parker,Y,Blake Parker,CLE,36,47,0,0,0,43.2,43,15,37,14,5,2,1,0,0,4,3.09,1.31
372,672715,Luis,Patino,Y,Luis Patino,TB,21,19,15,0,0,77.1,69,37,74,29,12,5,3,0,0,0,4.31,1.27
373,663878,Nate,Pearson,Y,Nate Pearson,TOR,25,12,1,0,0,15.0,14,7,20,12,2,1,1,0,0,0,4.2,1.73
374,642547,Freddy,Peralta,Y,Freddy Peralta,MIL,25,28,27,1,0,144.1,84,45,195,56,14,10,5,0,0,0,2.81,0.97
375,593974,Wandy,Peralta,Y,Wandy Peralta,NYY,30,46,1,0,0,42.2,38,14,35,18,5,3,3,3,0,5,2.95,1.31
376,503449,Wily,Peralta,Y,Wily Peralta,DET,32,19,18,0,0,93.2,87,32,58,38,12,4,5,0,0,1,3.07,1.33
377,672335,Cionel,Perez,Y,Cionel Perez,CIN,25,25,0,0,0,24.0,21,17,25,20,5,1,2,0,0,0,6.38,1.71
378,527048,Martin,Perez,Y,Martin Perez,BOS,30,36,22,0,0,114.0,136,60,97,36,19,7,8,0,0,1,4.74,1.51
379,656849,David,Peterson,Y,David Peterson,NYM,26,15,15,0,0,66.2,64,41,69,29,11,2,6,0,0,0,5.54,1.4
380,596071,Dillon,Peters,Y,Dillon Peters,PIT,29,6,6,0,0,26.2,26,11,23,10,2,1,2,0,0,0,3.71,1.35
381,433589,Yusmeiro,Petit,Y,Yusmeiro Petit,OAK,36,78,0,0,0,78.0,69,34,37,12,12,8,3,2,6,22,3.92,1.04
382,475479,David,Phelps,Y,David Phelps,TOR,35,11,1,0,0,10.1,8,1,15,4,0,0,0,0,0,4,0.87,1.16
383,501381,Michael,Pineda,Y,Michael Pineda,MIN,32,22,21,0,0,109.1,114,44,88,21,17,9,8,0,0,0,3.62,1.23
384,601713,Nick,Pivetta,Y,Nick Pivetta,BOS,28,31,30,0,0,155.0,137,78,175,65,24,9,8,1,0,0,4.53,1.3
385,668676,Zach,Plesac,Y,Zach Plesac,CLE,26,25,25,0,0,142.2,137,74,100,34,23,10,6,0,0,0,4.67,1.2
386,592644,Adam,Plutko,Y,Adam Plutko,BAL,30,38,1,0,0,56.1,65,42,44,27,17,1,2,1,2,5,6.71,1.63
387,519141,Drew,Pomeranz,Y,Drew Pomeranz,SD,32,27,0,0,0,25.2,19,5,30,10,2,1,0,0,0,13,1.75,1.13
388,547001,Cody,Poteet,Y,Cody Poteet,MIA,27,7,7,0,0,30.2,25,17,32,16,7,2,3,0,0,0,4.99,1.34
389,519151,Ryan,Pressly,Y,Ryan Pressly,HOU,32,64,0,0,0,64.0,49,16,81,13,4,5,3,26,2,1,2.25,0.97
390,456034,David,Price,Y,David Price,LAD,36,39,11,0,0,73.2,79,33,58,26,8,5,2,1,0,1,4.03,1.43
391,640462,A.J.,Puk,Y,A.J. Puk,OAK,26,12,0,0,0,13.1,18,9,16,6,1,0,3,0,2,0,6.08,1.8
392,615698,Cal,Quantrill,Y,Cal Quantrill,CLE,26,40,22,0,0,149.2,129,48,121,47,16,8,3,0,0,1,2.89,1.18
393,500779,Jose,Quintana,Y,Jose Quintana,LAA,32,24,10,0,0,53.1,66,40,73,29,9,0,3,0,0,2,6.75,1.78
394,663432,Tanner,Rainey,Y,Tanner Rainey,WAS,28,38,0,0,0,31.2,29,26,42,25,6,1,3,3,3,10,7.39,1.71
395,541640,Erasmo,Ramirez,Y,Erasmo Ramirez,DET,31,17,0,0,0,26.2,24,17,20,5,4,1,1,0,0,0,5.74,1.09
396,598286,Nick,Ramirez,Y,Nick Ramirez,SD,32,13,0,0,0,20.1,23,13,14,7,2,1,1,0,0,0,5.75,1.48
397,598287,Noe,Ramirez,Y,Noe Ramirez,ARI,31,36,0,0,0,32.2,18,10,29,11,2,0,2,1,2,10,2.76,0.89
398,670990,Yohan,Ramirez,Y,Yohan Ramirez,SEA,26,25,0,0,0,27.2,18,12,35,12,6,1,3,2,0,0,3.9,1.08
400,656876,Drew,Rasmussen,Y,Drew Rasmussen,MIL,26,15,0,0,0,17.0,13,8,25,12,2,0,1,1,0,0,4.24,1.47
401,592662,Robbie,Ray,Y,Robbie Ray,TOR,30,32,32,0,0,193.1,150,61,248,52,33,13,7,0,0,0,2.84,1.04
402,656887,Sean,Reid-Foley,Y,Sean Reid-Foley,NYM,26,12,0,0,0,20.2,22,12,26,9,3,2,1,0,0,0,5.23,1.5
403,621052,Alex,Reyes,Y,Alex Reyes,STL,27,69,0,0,0,72.1,46,26,95,52,9,10,8,29,5,3,3.24,1.35
404,572070,Garrett,Richards,Y,Garrett Richards,BOS,33,40,22,0,0,136.2,158,74,115,60,19,7,8,3,0,2,4.87,1.6
407,670950,Trevor,Richards,Y,Trevor Richards,TB,28,6,0,0,0,12.0,9,6,16,3,2,0,0,1,0,1,4.5,1.0
408,502085,David,Robertson,Y,David Robertson,TB,36,12,1,0,0,12.0,11,6,16,4,2,0,0,0,2,2,4.5,1.25
410,570663,Hansel,Robles,Y,Hansel Robles,BOS,31,27,0,0,0,25.0,21,10,33,13,2,0,1,4,0,3,3.6,1.36
412,593144,Richard,Rodriguez,Y,Richard Rodriguez,ATL,31,27,0,0,0,26.0,23,9,9,5,6,1,2,0,0,8,3.12,1.08
413,607074,Carlos,Rodon,Y,Carlos Rodon,CWS,28,24,24,1,1,132.2,91,35,185,36,13,13,5,0,0,0,2.37,0.96
414,593958,Eduardo,Rodriguez,Y,Eduardo Rodriguez,BOS,28,32,31,0,0,157.2,172,83,185,47,19,13,8,0,0,0,4.74,1.39
415,622446,Jefry,Rodriguez,Y,Jefry Rodriguez,WAS,28,14,1,0,0,24.1,25,16,20,17,6,0,0,0,0,0,5.92,1.73
417,570257,Joely,Rodriguez,Y,Joely Rodriguez,NYY,29,21,0,0,0,19.0,21,6,17,6,1,1,0,0,1,4,2.84,1.42
418,573124,Taylor,Rogers,Y,Taylor Rogers,MIN,30,40,0,0,0,40.1,38,15,59,8,4,2,4,9,4,8,3.35,1.14
419,669432,Trevor,Rogers,Y,Trevor Rogers,MIA,23,25,25,0,0,133.0,107,39,157,46,6,7,8,0,0,0,2.64,1.15
420,643511,Tyler,Rogers,Y,Tyler Rogers,SF,30,80,0,0,0,81.0,74,20,55,13,5,7,1,13,6,30,2.22,1.07
421,605447,Jordan,Romano,Y,Jordan Romano,TOR,28,62,0,0,0,63.0,41,15,85,25,7,7,1,23,1,5,2.14,1.05
422,607219,Sal,Romano,Y,Sal Romano,CIN,28,14,0,0,0,20.2,20,12,12,9,4,0,0,0,0,0,5.23,1.4
423,489265,Sergio,Romo,Y,Sergio Romo,OAK,38,66,0,0,0,61.2,56,32,60,21,9,1,1,3,4,12,4.67,1.25
424,605452,Joe,Ross,Y,Joe Ross,WAS,28,20,19,0,0,108.0,98,50,109,34,17,5,9,0,0,0,4.17,1.22
425,614179,Jose,Ruiz,Y,Jose Ruiz,CWS,26,59,0,0,0,65.0,51,22,63,25,8,1,3,0,1,4,3.05,1.17
426,657746,Joe,Ryan,Y,Joe Ryan,MIN,25,5,5,0,0,26.2,16,12,30,5,4,2,1,0,0,0,4.05,0.79
427,594986,Kyle,Ryan,Y,Kyle Ryan,CHC,30,13,0,0,0,13.1,17,10,8,6,3,0,0,1,0,0,6.75,1.73
428,594987,Casey,Sadler,Y,Casey Sadler,SEA,31,42,0,0,0,40.1,19,3,37,10,1,0,1,0,0,15,0.67,0.72
429,519242,Chris,Sale,Y,Chris Sale,BOS,32,9,9,0,0,42.2,45,15,52,12,6,5,1,0,0,0,3.16,1.34
430,592716,Adrian,Sampson,Y,Adrian Sampson,CHC,30,10,5,0,0,35.1,30,11,28,8,8,1,2,0,0,0,2.8,1.08
431,592717,Aaron,Sanchez,Y,Aaron Sanchez,SF,29,9,7,0,0,35.1,32,12,26,15,2,1,1,0,0,0,3.06,1.33
432,663776,Patrick,Sandoval,Y,Patrick Sandoval,LAA,25,17,14,0,0,87.0,69,35,94,36,11,3,6,1,0,0,3.62,1.21
434,642701,Dennis,Santana,Y,Dennis Santana,LAD,25,16,0,0,0,15.0,18,10,8,11,0,0,0,0,0,1,6.0,1.93
435,650828,Edgar,Santana,Y,Edgar Santana,ATL,30,41,0,0,0,42.2,37,17,33,12,7,3,0,0,0,3,3.59,1.15
436,429722,Ervin,Santana,N,Ervin Santana,KC,38,38,2,0,0,65.1,65,34,52,22,9,2,2,0,0,1,4.68,1.33
437,502327,Hector,Santiago,Y,Hector Santiago,SEA,33,13,1,0,0,26.1,27,10,30,11,2,1,1,0,0,0,3.42,1.44
438,663574,Tony,Santillan,Y,Tony Santillan,CIN,24,26,4,0,0,43.1,34,14,56,21,7,1,3,0,0,0,2.91,1.27
439,617228,Hirokazu,Sawamura,Y,Hirokazu Sawamura,BOS,33,55,0,0,0,53.0,45,18,61,32,9,5,1,0,1,11,3.06,1.45
441,453286,Max,Scherzer,Y,Max Scherzer,LAD,37,11,11,0,0,68.1,48,15,89,8,5,7,0,0,0,0,1.98,0.82
442,656945,Tanner,Scott,Y,Tanner Scott,BAL,27,62,0,0,0,54.0,48,31,70,37,6,5,4,0,2,16,5.17,1.57
443,668687,Andre,Scrubb,Y,Andre Scrubb,HOU,26,18,0,0,0,19.2,15,11,21,14,5,1,1,0,2,2,5.03,1.47
444,622608,Antonio,Senzatela,Y,Antonio Senzatela,COL,26,28,28,0,0,156.2,178,77,105,32,12,4,10,0,0,0,4.42,1.34
445,623149,Paul,Sewald,Y,Paul Sewald,SEA,31,62,0,0,0,64.2,42,22,104,24,10,10,3,11,5,16,3.06,1.02
446,543766,Bryan,Shaw,Y,Bryan Shaw,CLE,33,81,0,0,0,77.1,69,30,71,38,10,6,7,2,6,20,3.49,1.38
447,656954,Justus,Sheffield,Y,Justus Sheffield,SEA,25,21,15,0,0,80.1,105,61,63,43,14,7,8,0,0,0,6.83,1.84
448,642073,Jimmie,Sherfy,Y,Jimmie Sherfy,SF,29,10,0,0,0,10.2,9,5,9,4,2,1,0,0,0,0,4.22,1.22
449,533167,Matt,Shoemaker,Y,Matt Shoemaker,MIN,35,16,11,0,0,60.1,73,54,40,27,15,3,8,0,0,0,8.06,1.66
450,592741,Chasen,Shreve,Y,Chasen Shreve,PIT,31,57,0,0,0,56.1,43,20,45,28,7,3,3,0,2,11,3.2,1.26
451,663903,Brady,Singer,Y,Brady Singer,KC,25,27,27,1,0,128.1,146,70,131,53,14,5,10,0,0,0,4.91,1.55
452,669373,Tarik,Skubal,Y,Tarik Skubal,DET,24,31,29,0,0,149.1,141,72,164,47,35,8,12,0,0,0,4.34,1.26
453,642083,Aaron,Slegers,Y,Aaron Slegers,LAA,29,29,0,0,0,31.0,43,24,25,15,6,2,2,0,2,2,6.97,1.87
454,572143,Burch,Smith,Y,Burch Smith,OAK,31,31,0,0,0,43.1,49,26,28,11,5,1,1,0,1,4,5.4,1.38
455,592761,Caleb,Smith,Y,Caleb Smith,ARI,30,45,13,0,0,113.2,93,61,124,63,20,4,9,0,2,2,4.83,1.37
457,501925,Joe,Smith,N,Joe Smith,SEA,37,23,0,0,0,18.0,12,4,17,4,1,3,3,0,3,3,2.0,0.89
458,642092,Riley,Smith,Y,Riley Smith,ARI,26,24,6,0,0,67.1,86,45,36,15,10,1,4,1,0,0,6.01,1.5
459,519293,Will,Smith,Y,Will Smith,ATL,32,71,0,0,0,68.0,49,26,87,28,11,3,7,37,6,0,3.44,1.13
460,592767,Drew,Smyly,Y,Drew Smyly,ATL,32,29,23,0,0,126.2,133,63,117,41,27,11,4,0,0,0,4.48,1.37
461,605483,Blake,Snell,Y,Blake Snell,SD,28,27,27,0,0,128.2,101,60,170,69,16,7,6,0,0,0,4.2,1.32
462,465657,Joakim,Soria,Y,Joakim Soria,ARI,37,31,0,0,0,29.1,31,14,31,8,4,1,4,6,2,3,4.3,1.33
463,642397,Gregory,Soto,Y,Gregory Soto,DET,26,62,0,0,0,63.2,46,24,76,40,7,6,3,18,1,7,3.39,1.35
464,605488,Jeffrey,Springs,Y,Jeffrey Springs,TB,29,43,0,0,0,44.2,35,17,63,14,9,5,1,2,2,10,3.43,1.1
465,489334,Craig,Stammen,Y,Craig Stammen,SD,37,67,4,0,0,88.1,79,30,83,13,13,6,3,1,1,7,3.06,1.04
466,592773,Ryne,Stanek,Y,Ryne Stanek,HOU,30,72,0,0,0,68.1,46,26,83,37,8,3,5,2,2,21,3.42,1.21
467,622251,Josh,Staumont,Y,Josh Staumont,KC,27,64,0,0,0,65.2,43,21,72,27,6,4,3,5,0,16,2.88,1.07
468,608716,Drew,Steckenrider,Y,Drew Steckenrider,SEA,30,62,0,0,0,67.2,52,15,58,17,5,5,2,14,3,7,2.0,1.02
469,596112,Robert,Stephenson,Y,Robert Stephenson,COL,28,49,0,0,0,46.0,42,16,52,18,5,2,1,1,1,4,3.13,1.3
470,640464,Kohl,Stewart,Y,Kohl Stewart,CHC,27,4,3,0,0,13.2,17,8,11,6,2,1,1,0,0,0,5.27,1.68
471,544931,Stephen,Strasburg,Y,Stephen Strasburg,WAS,33,5,5,0,0,21.2,16,11,21,14,4,1,2,0,0,0,4.57,1.38
472,608717,Chris,Stratton,Y,Chris Stratton,PIT,31,68,0,0,0,79.1,70,32,86,33,9,7,1,8,5,8,3.63,1.3
474,519326,Hunter,Strickland,Y,Hunter Strickland,TB,33,13,0,0,0,16.0,14,3,16,6,1,0,0,0,0,1,1.69,1.25
475,548389,Ross,Stripling,Y,Ross Stripling,TOR,31,24,19,0,0,101.1,99,54,94,30,23,5,7,0,0,0,4.8,1.27
476,573186,Marcus,Stroman,Y,Marcus Stroman,NYM,30,33,33,0,0,179.0,161,60,158,44,17,10,13,0,0,0,3.02,1.15
477,660761,Jose,Suarez,Y,Jose Suarez,LAA,23,23,14,1,0,98.1,85,41,85,36,11,8,8,0,0,0,3.75,1.23
478,624133,Ranger,Suarez,Y,Ranger Suarez,PHI,26,39,12,1,1,106.0,73,16,107,33,4,8,5,4,3,0,1.36,1.0
479,593833,Wander,Suero,Y,Wander Suero,WAS,30,45,0,0,0,42.2,45,30,44,15,11,2,3,0,3,7,6.33,1.41
480,642121,Cole,Sulser,Y,Cole Sulser,BAL,31,60,0,0,0,63.1,48,19,73,23,5,5,4,8,3,6,2.7,1.12
481,608718,Brent,Suter,Y,Brent Suter,MIL,32,61,1,0,0,73.1,72,25,69,24,9,12,5,1,8,8,3.07,1.31
482,657024,Erik,Swanson,Y,Erik Swanson,SEA,28,33,2,0,0,35.1,28,13,35,10,5,0,3,1,2,5,3.31,1.08
483,592791,Jameson,Taillon,Y,Jameson Taillon,NYY,29,29,29,0,0,144.1,130,69,140,44,24,8,6,0,0,0,4.3,1.21
484,622253,Dillon,Tate,Y,Dillon Tate,BAL,27,62,0,0,0,67.2,61,33,49,23,7,0,6,3,2,7,4.39,1.24
485,657031,Josh,Taylor,Y,Josh Taylor,BOS,28,61,0,0,0,47.2,45,18,60,23,2,1,0,1,0,15,3.4,1.43
487,572193,Ryan,Tepera,Y,Ryan Tepera,CWS,33,22,0,0,0,18.0,13,5,24,7,1,0,0,1,1,6,2.5,1.11
488,573204,Caleb,Thielbar,Y,Caleb Thielbar,MIN,34,59,0,0,0,64.0,55,23,77,20,8,7,0,0,0,13,3.23,1.17
489,657044,Ryan,Thompson,Y,Ryan Thompson,TB,29,36,0,0,0,34.0,26,9,37,9,3,3,2,0,4,11,2.38,1.03
490,663423,Trent,Thornton,Y,Trent Thornton,TOR,28,37,3,0,0,49.0,54,26,52,16,12,1,3,0,0,0,4.78,1.43
491,626929,Lewis,Thorpe,Y,Lewis Thorpe,MIN,25,5,4,0,0,15.1,14,8,6,7,2,0,2,0,0,0,4.7,1.37
492,458708,Josh,Tomlin,Y,Josh Tomlin,ATL,37,35,0,0,0,49.1,69,36,37,5,10,4,0,0,0,2,6.57,1.5
493,657053,Touki,Toussaint,Y,Touki Toussaint,ATL,25,11,10,0,0,50.0,43,25,48,22,11,3,3,0,0,0,4.5,1.3
494,595014,Blake,Treinen,Y,Blake Treinen,LAD,33,72,0,0,0,72.1,46,16,85,25,5,6,5,7,4,32,1.99,0.98
495,642152,Lou,Trivino,Y,Lou Trivino,OAK,30,71,0,0,0,73.2,58,26,67,34,5,7,8,22,4,8,3.18,1.25
496,605513,Spencer,Turnbull,Y,Spencer Turnbull,DET,29,9,9,1,1,50.0,37,16,44,12,2,4,2,0,0,0,2.88,0.98
497,570632,Jose,Urena,Y,Jose Urena,DET,30,26,18,0,0,100.2,119,65,67,42,14,4,8,0,0,1,5.81,1.6
498,628711,Julio,Urias,Y,Julio Urias,LAD,25,32,32,0,0,185.2,151,61,195,38,19,20,3,0,0,0,2.96,1.02
499,664353,Jose,Urquidy,Y,Jose Urquidy,HOU,26,20,20,0,0,107.0,87,43,90,19,17,8,3,0,0,0,3.62,0.99
500,491624,Cesar,Valdez,Y,Cesar Valdez,BAL,36,39,0,0,0,46.0,62,30,45,14,8,2,2,8,5,0,5.87,1.65
501,664285,Framber,Valdez,Y,Framber Valdez,HOU,27,22,22,1,0,134.2,110,47,125,58,12,11,6,0,0,0,3.14,1.25
502,570488,Phillips,Valdez,Y,Phillips Valdez,BOS,29,28,0,0,0,40.0,35,26,35,19,4,2,0,1,0,2,5.85,1.35
503,543883,Nick,Vincent,Y,Nick Vincent,MIN,35,7,0,0,0,12.2,6,1,9,5,1,1,0,0,0,0,0.71,0.87
504,608723,Austin,Voth,Y,Austin Voth,WAS,29,49,1,0,0,57.1,57,34,59,28,10,4,1,0,5,7,5.34,1.48
505,608379,Michael,Wacha,Y,Michael Wacha,TB,30,29,23,0,0,124.2,132,70,121,31,23,3,5,0,0,1,5.05,1.31
506,425794,Adam,Wainwright,Y,Adam Wainwright,STL,40,32,32,3,1,206.1,168,70,174,50,21,17,7,0,0,0,3.05,1.06
507,592836,Taijuan,Walker,Y,Taijuan Walker,NYM,29,30,29,0,0,159.0,133,79,146,55,26,7,11,0,0,0,4.47,1.18
509,453265,Tony,Watson,Y,Tony Watson,SF,36,26,0,0,0,24.1,15,8,19,4,1,4,1,0,0,7,2.96,0.78
510,677960,Ryan,Weathers,Y,Ryan Weathers,SD,21,30,18,0,0,94.2,101,56,72,30,20,4,7,1,0,0,5.32,1.38
511,596133,Luke,Weaver,Y,Luke Weaver,ARI,28,13,13,0,0,65.2,58,31,62,20,11,3,6,0,0,0,4.25,1.19
512,657097,Jacob,Webb,Y,Jacob Webb,ATL,28,34,0,0,0,34.1,38,16,33,14,4,5,4,1,1,0,4.19,1.51
513,657277,Logan,Webb,Y,Logan Webb,SF,24,27,26,0,0,148.1,128,50,158,36,9,11,3,0,0,1,3.03,1.11
514,643778,Tyler,Webb,Y,Tyler Webb,STL,31,22,0,0,0,16.1,22,24,14,19,1,0,0,0,0,2,13.22,2.51
516,605525,J.B.,Wendelken,Y,J.B. Wendelken,ARI,28,20,0,0,0,18.2,15,9,13,9,2,2,2,2,0,4,4.34,1.29
517,554430,Zack,Wheeler,Y,Zack Wheeler,PHI,31,32,32,3,2,213.1,169,66,247,46,16,14,10,0,0,0,2.78,1.01
518,676477,Garrett,Whitlock,Y,Garrett Whitlock,BOS,25,46,0,0,0,73.1,64,16,81,17,6,8,4,2,3,15,1.96,1.1
519,592858,Rowan,Wick,Y,Rowan Wick,CHC,28,22,0,0,0,23.0,17,11,29,14,1,0,1,5,3,2,4.3,1.35
520,642203,Taylor,Widener,Y,Taylor Widener,ARI,26,23,13,0,0,70.1,65,34,73,37,14,2,1,0,0,1,4.35,1.45
521,623364,Brad,Wieck,Y,Brad Wieck,CHC,30,15,0,0,0,17.0,10,0,28,10,0,0,0,0,0,1,0.0,1.18
522,642207,Devin,Williams,Y,Devin Williams,MIL,27,58,0,0,0,54.0,36,15,87,28,5,8,2,3,3,23,2.5,1.19
524,592866,Trevor,Williams,Y,Trevor Williams,NYM,29,10,3,0,0,32.1,37,11,29,9,1,0,0,0,0,0,3.06,1.42
526,669060,Bryse,Wilson,Y,Bryse Wilson,ATL,23,8,8,0,0,33.2,45,22,23,12,7,2,3,0,0,0,5.88,1.69
528,458677,Justin,Wilson,Y,Justin Wilson,CIN,34,21,0,0,0,16.0,14,5,14,7,1,0,0,0,0,2,2.81,1.31
529,595465,Dan,Winkler,Y,Dan Winkler,CHC,31,47,0,0,0,39.2,32,23,40,30,5,1,3,0,1,6,5.22,1.56
531,605538,Matt,Wisler,Y,Matt Wisler,SF,29,21,0,0,0,19.1,19,13,26,6,4,1,2,0,1,3,6.05,1.29
532,621295,Nick,Wittgren,Y,Nick Wittgren,CLE,30,60,1,0,0,62.1,61,35,61,17,13,2,9,1,0,9,5.05,1.25
533,622072,Alex,Wood,Y,Alex Wood,SF,30,26,26,0,0,138.2,125,59,152,39,14,10,4,0,0,0,3.83,1.18
534,605540,Brandon,Woodruff,Y,Brandon Woodruff,MIL,28,30,30,0,0,179.1,130,51,211,43,18,9,10,0,0,0,2.56,0.96
535,519443,Brandon,Workman,Y,Brandon Workman,BOS,33,19,0,0,0,20.0,24,11,14,14,2,1,0,0,0,2,4.95,1.9
536,605541,Mike,Wright,Y,Mike Wright,CWS,31,13,0,0,0,18.0,17,11,11,11,1,0,1,0,0,0,5.5,1.56
537,642232,Ryan,Yarbrough,Y,Ryan Yarbrough,TB,29,30,21,1,0,155.0,163,88,117,27,25,9,7,0,0,0,5.11,1.23
538,660623,Huascar,Ynoa,Y,Huascar Ynoa,ATL,23,18,17,0,0,91.0,76,41,100,25,14,4,6,0,0,0,4.05,1.11
540,622065,Alex,Young,Y,Alex Young,CLE,28,10,0,0,0,10.1,15,9,5,7,1,0,0,0,0,1,7.84,2.13
541,669145,Bruce,Zimmermann,Y,Bruce Zimmermann,BAL,26,14,13,0,0,64.1,75,36,56,22,14,4,5,0,0,0,5.04,1.51
542,622092,Kyle,Zimmer,Y,Kyle Zimmer,KC,30,52,2,0,0,54.0,46,29,46,30,7,4,1,2,1,10,4.83,1.41
543,676604,Tyler,Zuber,Y,Tyler Zuber,KC,26,31,0,0,0,27.1,26,19,25,17,6,0,3,0,0,4,6.26,1.57
544,661563,Luis,Gil,Y,Luis Gil,NYY,23,6,6,0,0,29.1,20,10,38,19,4,1,1,0,0,0,3.07,1.33
545,605507,Zach,Thompson,Y,Zach Thompson,MIA,27,26,14,0,0,75.0,63,27,66,28,6,3,7,0,0,0,3.24,1.21
546,502179,Paolo,Espino,Y,Paolo Espino,WAS,34,35,19,0,0,109.2,108,52,92,25,19,5,5,1,0,0,4.27,1.21
547,607359,Spencer,Patton,Y,Spencer Patton,TEX,33,42,0,0,0,42.1,36,18,48,15,4,2,2,2,3,11,3.83,1.2
548,669622,Anthony,Bender,Y,Anthony Bender,MIA,26,60,1,0,0,61.1,45,19,71,20,5,3,2,3,2,12,2.79,1.06
549,640448,Kyle,Finnegan,Y,Kyle Finnegan,WAS,30,68,0,0,0,66.0,64,26,68,34,9,5,9,11,3,13,3.55,1.48
550,656731,Tylor,Megill,Y,Tylor Megill,NYM,26,18,18,1,0,89.2,88,45,99,27,19,4,6,0,0,0,4.52,1.28
