,MLBID,FIRSTNAME,LASTNAME,ACTIVE,Player,Team,Pos,Age,G,AB,R,H,2B,3B,HR,RBI,BB,SO,AVG,OBP,SLG,OPS,salary,cluster
0,547989,Jose,Abreu,Y,Jose Abreu,CWS,1B,34,152,566,86,148,30,2,30,117,61,143,0.261,0.351,0.481,0.832,17666666,0
1,642715,Willy,Adames,Y,Willy Adames,TB,SS,26,41,132,16,26,6,1,5,15,10,51,0.197,0.254,0.371,0.625,590000,4
2,501303,Ehire,Adrianza,Y,Ehire Adrianza,ATL,SS,32,109,182,32,45,9,2,5,28,21,42,0.247,0.327,0.401,0.728,1500000,5
3,542583,Jesus,Aguilar,Y,Jesus Aguilar,MIA,1B,31,131,449,49,117,23,0,22,93,46,93,0.261,0.329,0.459,0.788,4500000,3
4,605113,Nick,Ahmed,Y,Nick Ahmed,ARI,SS,31,129,434,46,96,30,3,5,38,34,104,0.221,0.28,0.339,0.619,8125000,2
5,673451,Shogo,Akiyama,Y,Shogo Akiyama,CIN,OF,33,88,162,16,33,8,0,0,12,14,40,0.204,0.282,0.253,0.535,7000000,4
6,593643,Hanser,Alberto,Y,Hanser Alberto,KC,2B,28,103,241,25,65,20,3,2,24,4,26,0.27,0.291,0.402,0.693,1650000,5
7,645277,Ozzie,Albies,Y,Ozzie Albies,ATL,2B,24,156,629,103,163,40,7,30,106,47,128,0.259,0.31,0.488,0.798,3000000,3
8,595751,Jorge,Alfaro,Y,Jorge Alfaro,MIA,C,28,92,295,22,72,15,1,4,30,11,99,0.244,0.283,0.342,0.625,2050000,2
9,546990,Anthony,Alford,Y,Anthony Alford,PIT,OF,27,49,133,14,31,6,1,5,11,12,58,0.233,0.311,0.406,0.717,582000,5
10,624413,Pete,Alonso,Y,Pete Alonso,NYM,1B,26,152,561,81,147,27,3,37,94,60,127,0.262,0.344,0.519,0.863,676775,0
11,514888,Jose,Altuve,Y,Jose Altuve,HOU,2B,31,146,601,117,167,32,1,31,83,66,91,0.278,0.35,0.489,0.839,29000000,0
12,670541,Yordan,Alvarez,Y,Yordan Alvarez,HOU,DH,24,144,537,92,149,35,1,33,104,50,145,0.277,0.346,0.531,0.877,609000,0
13,605119,Brian,Anderson,Y,Brian Anderson,MIA,3B,28,67,233,24,58,9,0,7,28,26,65,0.249,0.337,0.378,0.715,3800000,5
14,641313,Tim,Anderson,Y,Tim Anderson,CWS,SS,28,123,527,94,163,29,2,17,61,22,119,0.309,0.338,0.469,0.807,7250000,3
15,462101,Elvis,Andrus,Y,Elvis Andrus,OAK,SS,33,146,497,60,121,25,2,3,37,31,81,0.243,0.294,0.32,0.614,8800000,2
16,609280,Miguel,Andujar,Y,Miguel Andujar,NYY,OF,26,45,154,19,39,2,0,6,12,7,28,0.253,0.284,0.383,0.667,639000,5
17,606157,Aristides,Aquino,Y,Aristides Aquino,CIN,OF,27,84,174,25,33,6,1,10,23,27,75,0.19,0.299,0.408,0.707,579000,5
18,606115,Orlando,Arcia,Y,Orlando Arcia,ATL,SS,27,32,70,9,15,3,0,2,13,7,16,0.214,0.282,0.343,0.625,2000000,4
19,571448,Nolan,Arenado,Y,Nolan Arenado,STL,3B,30,157,593,81,151,34,3,34,105,50,96,0.255,0.312,0.494,0.806,35025000,0
20,668227,Randy,Arozarena,Y,Randy Arozarena,TB,OF,26,141,529,94,145,32,3,20,69,56,170,0.274,0.356,0.459,0.815,581200,3
21,650333,Luis,Arraez,Y,Luis Arraez,MIN,2B,24,121,428,58,126,17,6,2,42,43,48,0.294,0.357,0.376,0.733,611000,3
22,624414,Christian,Arroyo,Y,Christian Arroyo,BOS,3B,26,57,164,22,43,12,0,6,25,8,44,0.262,0.324,0.445,0.769,581500,5
23,553902,Willians,Astudillo,Y,Willians Astudillo,MIN,C,30,73,208,17,49,8,0,7,21,3,12,0.236,0.259,0.375,0.634,573500,4
24,488671,Alex,Avila,Y,Alex Avila,WAS,C,34,34,89,5,17,9,1,1,9,19,37,0.191,0.345,0.348,0.693,1500000,5
25,668731,Akil,Baddoo,Y,Akil Baddoo,DET,OF,23,124,413,60,107,20,7,13,55,45,122,0.259,0.33,0.436,0.766,570500,3
26,664056,Harrison,Bader,Y,Harrison Bader,STL,OF,27,103,367,45,98,21,1,16,50,27,85,0.267,0.324,0.46,0.784,2000000,2
27,595879,Javier,Baez,Y,Javier Baez,NYM,SS,28,47,167,32,50,9,0,9,22,13,53,0.299,0.371,0.515,0.886,11650000,1
28,605131,Austin,Barnes,Y,Austin Barnes,LAD,C,31,77,200,28,43,8,0,6,23,20,56,0.215,0.299,0.345,0.644,1650000,4
29,571466,Tucker,Barnhart,Y,Tucker Barnhart,CIN,C,30,116,348,41,86,21,0,7,48,29,100,0.247,0.317,0.368,0.685,4187500,2
30,641343,Jake,Bauers,Y,Jake Bauers,CLE,1B,26,43,100,7,19,3,0,2,6,12,27,0.19,0.277,0.28,0.557,600000,4
31,607461,Matt,Beaty,Y,Matt Beaty,LAD,1B,28,120,204,35,55,4,1,7,40,20,44,0.27,0.363,0.402,0.765,590500,5
32,641355,Cody,Bellinger,Y,Cody Bellinger,LAD,1B,26,95,315,39,52,9,2,10,36,31,94,0.165,0.24,0.302,0.542,16100000,4
33,605137,Josh,Bell,Y,Josh Bell,WAS,1B,29,144,498,75,130,24,1,27,88,65,101,0.261,0.347,0.476,0.823,6350000,0
34,474832,Brandon,Belt,Y,Brandon Belt,SF,1B,33,97,325,65,89,14,2,29,59,48,103,0.274,0.378,0.597,0.975,17200000,1
35,643217,Andrew,Benintendi,Y,Andrew Benintendi,KC,OF,27,134,493,63,136,27,2,17,73,36,97,0.276,0.324,0.442,0.766,6600000,3
36,542932,Jon,Berti,Y,Jon Berti,MIA,2B,31,85,233,35,49,10,1,4,19,32,61,0.21,0.311,0.313,0.624,607500,4
37,605141,Mookie,Betts,Y,Mookie Betts,LAD,OF,29,122,466,93,123,29,3,23,58,68,86,0.264,0.367,0.487,0.854,22500000,0
38,666182,Bo,Bichette,Y,Bo Bichette,TOR,SS,23,159,640,121,191,30,1,29,102,40,137,0.298,0.343,0.484,0.827,587800,0
39,624415,Cavan,Biggio,Y,Cavan Biggio,TOR,2B,26,79,250,27,56,10,1,7,27,37,78,0.224,0.322,0.356,0.678,604000,2
40,453568,Charlie,Blackmon,Y,Charlie Blackmon,COL,OF,35,150,514,76,139,25,4,13,78,54,91,0.27,0.351,0.411,0.762,21333333,3
41,593428,Xander,Bogaerts,Y,Xander Bogaerts,BOS,SS,29,144,529,90,156,34,1,23,79,62,113,0.295,0.37,0.493,0.863,20000000,0
42,664761,Alec,Bohm,Y,Alec Bohm,PHI,3B,25,115,380,46,94,15,0,7,47,31,111,0.247,0.305,0.342,0.647,575000,2
43,623520,David,Bote,Y,David Bote,CHC,2B,28,97,291,32,58,10,2,8,35,27,73,0.199,0.276,0.33,0.606,1010000,2
44,656252,Bobby,Bradley,Y,Bobby Bradley,CLE,1B,25,74,245,36,51,10,0,16,41,25,99,0.208,0.294,0.445,0.739,570500,2
45,488726,Michael,Brantley,Y,Michael Brantley,HOU,OF,34,121,469,68,146,29,3,8,47,33,53,0.311,0.362,0.437,0.799,16000000,3
46,608324,Alex,Bregman,Y,Alex Bregman,HOU,3B,27,91,348,54,94,17,0,12,55,44,53,0.27,0.355,0.422,0.777,12666666,1
47,621446,Lewis,Brinson,Y,Lewis Brinson,MIA,OF,27,89,274,24,62,14,0,9,33,13,72,0.226,0.263,0.376,0.639,587500,2
48,664913,Seth,Brown,Y,Seth Brown,OAK,OF,29,111,281,43,60,13,1,20,48,23,89,0.214,0.274,0.48,0.754,570500,2
49,592178,Kris,Bryant,Y,Kris Bryant,SF,3B,29,51,187,28,49,13,0,7,22,23,46,0.262,0.344,0.444,0.788,19500000,5
50,621439,Byron,Buxton,Y,Byron Buxton,MIN,OF,27,61,235,50,72,23,0,19,32,13,62,0.306,0.358,0.647,1.005,5125000,1
51,452678,Asdrubal,Cabrera,Y,Asdrubal Cabrera,ARI,3B,35,90,283,34,69,21,0,7,40,33,73,0.244,0.324,0.392,0.716,1750000,2
52,408234,Miguel,Cabrera,Y,Miguel Cabrera,DET,DH,38,130,472,48,121,16,0,15,75,40,118,0.256,0.316,0.386,0.702,30000000,3
53,456715,Lorenzo,Cain,Y,Lorenzo Cain,MIL,OF,35,78,257,40,66,13,0,8,36,26,48,0.257,0.329,0.401,0.73,16000000,5
54,594777,Kole,Calhoun,Y,Kole Calhoun,ARI,OF,34,51,166,17,39,8,0,5,17,15,41,0.235,0.297,0.373,0.67,8000000,5
55,641432,Willie,Calhoun,Y,Willie Calhoun,TEX,OF,26,75,260,26,65,10,3,6,25,21,34,0.25,0.31,0.381,0.691,593000,5
56,663662,Daz,Cameron,Y,Daz Cameron,DET,OF,24,35,103,16,20,5,0,4,13,10,38,0.194,0.278,0.359,0.637,570500,4
57,600869,Jeimer,Candelario,Y,Jeimer Candelario,DET,1B,27,149,557,75,151,42,3,16,67,65,135,0.271,0.351,0.443,0.794,2850000,3
58,592192,Mark,Canha,Y,Mark Canha,OAK,OF,32,141,519,93,120,22,4,17,61,77,128,0.231,0.358,0.387,0.745,6925000,3
59,605170,Victor,Caratini,Y,Victor Caratini,SD,C,28,116,313,33,71,9,0,7,39,35,82,0.227,0.309,0.323,0.632,1300000,2
60,666185,Dylan,Carlson,Y,Dylan Carlson,STL,OF,22,149,542,79,144,31,4,18,65,57,152,0.266,0.343,0.437,0.78,577100,3
61,572761,Matt,Carpenter,Y,Matt Carpenter,STL,3B,35,130,207,18,35,11,1,3,21,35,77,0.169,0.305,0.275,0.58,18500000,4
62,592200,Curt,Casali,Y,Curt Casali,SF,C,32,77,200,20,42,11,1,5,26,26,66,0.21,0.313,0.35,0.663,2000000,5
63,592206,Nick,Castellanos,Y,Nick Castellanos,CIN,OF,29,138,531,95,164,38,1,34,100,41,121,0.309,0.362,0.576,0.938,14075000,0
64,605612,Harold,Castro,Y,Harold Castro,DET,OF,27,106,315,35,89,13,1,3,37,14,72,0.283,0.31,0.359,0.669,581700,2
65,488771,Jason,Castro,Y,Jason Castro,HOU,C,34,66,149,22,35,7,0,8,21,25,54,0.235,0.356,0.443,0.799,3500000,5
66,650489,Willi,Castro,Y,Willi Castro,DET,SS,24,125,413,56,91,15,6,9,38,23,109,0.22,0.273,0.351,0.624,578500,2
67,595909,Jake,Cave,Y,Jake Cave,MIN,OF,28,76,164,14,31,6,1,3,13,10,62,0.189,0.249,0.293,0.542,597500,4
68,656305,Matt,Chapman,Y,Matt Chapman,OAK,3B,28,151,529,75,111,15,3,27,72,80,202,0.21,0.314,0.403,0.717,6490000,3
69,656308,Michael,Chavis,Y,Michael Chavis,BOS,2B,26,31,79,12,15,4,1,2,6,1,32,0.19,0.207,0.342,0.549,575500,4
70,455139,Robinson,Chirinos,Y,Robinson Chirinos,CHC,C,37,45,97,13,22,5,1,5,15,9,36,0.227,0.324,0.454,0.778,1000000,5
71,665862,Jazz,Chisholm,Y,Jazz Chisholm,MIA,2B,23,124,464,70,115,20,4,18,53,34,145,0.248,0.303,0.425,0.728,571750,3
72,596847,Ji-Man,Choi,Y,Ji-Man Choi,TB,1B,30,83,258,36,59,14,0,11,45,45,87,0.229,0.348,0.411,0.759,2450000,2
73,641470,Zack,Collins,Y,Zack Collins,CWS,DH,26,78,195,25,41,13,0,4,26,34,69,0.21,0.33,0.338,0.668,575000,5
74,624424,Michael,Conforto,Y,Michael Conforto,NYM,OF,28,125,406,52,94,20,0,14,55,59,104,0.232,0.344,0.384,0.728,12250000,2
75,575929,Willson,Contreras,Y,Willson Contreras,CHC,C,29,128,413,61,98,20,0,21,57,52,138,0.237,0.34,0.438,0.778,6650000,3
76,661388,William,Contreras,Y,William Contreras,ATL,C,23,52,163,19,35,4,1,8,23,19,54,0.215,0.303,0.399,0.702,570500,5
77,643265,Garrett,Cooper,Y,Garrett Cooper,MIA,1B,30,71,215,30,61,10,1,9,33,30,68,0.284,0.38,0.465,0.845,1900000,1
78,621043,Carlos,Correa,Y,Carlos Correa,HOU,SS,27,148,555,104,155,34,1,26,92,75,116,0.279,0.366,0.485,0.851,11700000,0
79,543063,Brandon,Crawford,Y,Brandon Crawford,SF,SS,34,138,483,79,144,30,3,24,90,56,105,0.298,0.373,0.522,0.895,15200000,0
80,641487,J.P.,Crawford,Y,J.P. Crawford,SEA,SS,26,160,619,89,169,37,0,9,54,58,114,0.273,0.338,0.376,0.714,2050000,3
81,543068,C.J.,Cron,Y,C.J. Cron,COL,1B,31,142,470,70,132,31,1,28,92,60,117,0.281,0.375,0.53,0.905,1000000,0
82,630105,Jake,Cronenworth,Y,Jake Cronenworth,SD,2B,27,152,567,94,151,33,7,21,71,55,90,0.266,0.34,0.46,0.8,584900,3
83,443558,Nelson,Cruz,Y,Nelson Cruz,TB,DH,41,55,217,35,49,8,0,13,36,16,63,0.226,0.283,0.442,0.725,13000000,5
84,518586,Charlie,Culberson,Y,Charlie Culberson,TEX,OF,32,91,247,23,60,15,2,5,22,17,64,0.243,0.296,0.381,0.677,1500000,5
85,666915,Bobby,Dalbec,Y,Bobby Dalbec,BOS,1B,26,133,417,50,100,21,5,25,78,28,156,0.24,0.298,0.494,0.792,575000,3
86,605204,J.D.,Davis,Y,J.D. Davis,NYM,3B,28,73,179,18,51,12,0,5,23,24,68,0.285,0.384,0.436,0.82,2100000,5
87,501981,Khris,Davis,Y,Khris Davis,TEX,DH,33,22,51,8,8,1,1,2,5,8,16,0.157,0.262,0.333,0.595,570500,4
88,602074,Yonathan,Daza,Y,Yonathan Daza,COL,OF,27,107,301,26,85,12,2,2,30,21,60,0.282,0.332,0.355,0.687,572500,5
89,657557,Paul,DeJong,Y,Paul DeJong,STL,SS,28,113,356,44,70,10,1,19,45,35,103,0.197,0.284,0.39,0.674,4166666,2
90,646240,Rafael,Devers,Y,Rafael Devers,BOS,3B,24,156,591,101,165,37,1,38,113,62,143,0.279,0.352,0.538,0.89,4575000,0
91,649557,Aledmys,Diaz,Y,Aledmys Diaz,HOU,2B,31,84,294,28,76,19,0,8,45,16,62,0.259,0.317,0.405,0.722,3000000,2
92,553869,Elias,Diaz,Y,Elias Diaz,COL,C,30,106,338,52,83,18,1,18,44,30,60,0.246,0.31,0.464,0.774,1300000,2
93,650331,Lewin,Diaz,Y,Lewin Diaz,MIA,1B,25,40,122,16,25,4,1,8,13,6,33,0.205,0.242,0.451,0.693,570500,4
94,650490,Yandy,Diaz,Y,Yandy Diaz,TB,3B,30,134,465,62,119,20,1,13,64,69,85,0.256,0.353,0.387,0.74,588900,3
95,543105,Alex,Dickerson,Y,Alex Dickerson,SF,OF,31,111,283,37,66,10,2,13,38,23,76,0.233,0.304,0.42,0.724,2100000,2
96,572816,Corey,Dickerson,Y,Corey Dickerson,TOR,OF,32,46,131,16,37,6,2,4,15,9,23,0.282,0.329,0.45,0.779,9500000,5
97,594694,Wilmer,Difo,Y,Wilmer Difo,PIT,SS,29,116,219,25,59,7,3,4,24,20,54,0.269,0.329,0.384,0.713,1000000,5
98,518626,Josh,Donaldson,Y,Josh Donaldson,MIN,3B,35,135,457,73,113,26,0,26,72,74,114,0.247,0.352,0.475,0.827,21000000,0
99,641531,Hunter,Dozier,Y,Hunter Dozier,KC,1B,30,144,487,55,105,27,6,16,54,43,154,0.216,0.285,0.394,0.679,2500000,3
100,622110,Matt,Duffy,Y,Matt Duffy,CHC,3B,30,97,289,45,83,12,0,5,30,25,63,0.287,0.357,0.381,0.738,1000000,5
101,621453,Steven,Duggar,Y,Steven Duggar,SF,OF,27,107,268,45,69,14,5,8,35,27,88,0.257,0.33,0.437,0.767,570500,2
102,594807,Adam,Duvall,Y,Adam Duvall,ATL,OF,33,55,199,26,45,7,1,16,45,14,69,0.226,0.287,0.513,0.8,2000000,5
103,502481,Jarrod,Dyson,Y,Jarrod Dyson,KC,OF,37,77,122,13,27,7,2,0,10,6,28,0.221,0.256,0.311,0.567,1500000,4
104,669242,Tommy,Edman,Y,Tommy Edman,STL,2B,26,159,641,91,168,41,3,11,56,38,95,0.262,0.308,0.387,0.695,596000,3
105,641553,Adam,Engel,Y,Adam Engel,CWS,OF,29,39,123,21,31,9,0,7,18,11,31,0.252,0.336,0.496,0.832,1375000,5
106,444876,Alcides,Escobar,Y,Alcides Escobar,WAS,SS,34,75,319,53,92,21,2,4,28,17,56,0.288,0.34,0.404,0.744,1000000,5
107,500871,Eduardo,Escobar,Y,Eduardo Escobar,MIL,3B,32,48,179,27,48,12,2,6,25,19,39,0.268,0.342,0.458,0.8,7500000,5
108,669289,Santiago,Espinal,Y,Santiago Espinal,TOR,SS,26,92,222,32,69,13,1,2,17,22,30,0.311,0.376,0.405,0.781,570500,5
109,571657,Kyle,Farmer,Y,Kyle Farmer,CIN,2B,31,147,483,60,127,22,2,16,63,22,97,0.263,0.316,0.416,0.732,640000,3
110,664058,David,Fletcher,Y,David Fletcher,LAA,2B,27,157,626,74,164,27,3,2,47,31,60,0.262,0.297,0.324,0.621,2000000,3
111,527038,Wilmer,Flores,Y,Wilmer Flores,SF,2B,30,139,389,57,102,16,1,18,53,41,56,0.262,0.335,0.447,0.782,3000000,2
112,641584,Jake,Fraley,Y,Jake Fraley,SEA,OF,26,78,214,27,45,7,0,9,36,46,71,0.21,0.352,0.369,0.721,572100,5
113,664034,Ty,France,Y,Ty France,SEA,2B,27,152,571,85,166,32,1,18,73,46,106,0.291,0.368,0.445,0.813,587500,3
114,677551,Wander,Franco,Y,Wander Franco,TB,SS,20,70,281,53,81,18,5,7,39,24,37,0.288,0.347,0.463,0.81,570500,1
115,624428,Adam,Frazier,Y,Adam Frazier,SD,2B,29,57,191,25,51,8,1,1,11,13,23,0.267,0.327,0.335,0.662,4300000,5
116,640449,Clint,Frazier,Y,Clint Frazier,NYY,OF,27,66,183,20,34,9,0,5,15,32,65,0.186,0.317,0.317,0.634,2100000,4
117,518692,Freddie,Freeman,Y,Freddie Freeman,ATL,1B,32,159,600,120,180,25,2,31,83,85,107,0.3,0.393,0.503,0.896,22409375,0
118,608336,Joey,Gallo,Y,Joey Gallo,NYY,OF,27,58,188,33,30,7,0,13,22,37,88,0.16,0.303,0.404,0.707,6200000,2
119,520471,Freddy,Galvis,Y,Freddy Galvis,PHI,2B,31,32,107,17,24,3,0,5,14,9,19,0.224,0.292,0.393,0.685,1500000,5
120,592325,Ben,Gamel,Y,Ben Gamel,PIT,OF,29,111,326,42,83,17,3,8,26,48,99,0.255,0.352,0.399,0.751,1500000,2
121,666969,Adolis,Garcia,Y,Adolis Garcia,TEX,OF,28,149,581,77,141,26,2,31,90,32,194,0.243,0.286,0.454,0.74,575000,3
122,541645,Avisail,Garcia,Y,Avisail Garcia,MIL,OF,30,135,461,68,121,18,0,29,86,38,121,0.262,0.33,0.49,0.82,10750000,0
123,544725,Leury,Garcia,Y,Leury Garcia,CWS,SS,30,126,415,60,111,22,4,5,54,41,97,0.267,0.335,0.376,0.711,3500000,3
124,671277,Luis,Garcia,Y,Luis Garcia,WAS,2B,21,70,236,29,57,18,2,6,22,11,43,0.242,0.275,0.411,0.686,570500,5
125,458731,Brett,Gardner,Y,Brett Gardner,NYY,OF,38,140,387,47,86,16,4,10,39,60,100,0.222,0.327,0.362,0.689,2850000,2
126,664247,Kyle,Garlick,Y,Kyle Garlick,MIN,OF,29,36,99,17,23,8,0,5,10,6,32,0.232,0.28,0.465,0.745,570500,5
127,572863,Dustin,Garneau,Y,Dustin Garneau,DET,C,34,20,62,9,13,5,0,6,11,3,18,0.21,0.25,0.581,0.831,570500,5
128,641598,Mitch,Garver,Y,Mitch Garver,MIN,C,30,68,207,29,53,15,0,13,34,31,71,0.256,0.358,0.517,0.875,1875000,1
129,665926,Andres,Gimenez,Y,Andres Gimenez,CLE,SS,23,68,188,23,41,10,0,5,16,11,54,0.218,0.282,0.351,0.633,577100,4
130,502671,Paul,Goldschmidt,Y,Paul Goldschmidt,STL,1B,34,158,603,102,177,36,2,31,99,67,136,0.294,0.365,0.514,0.879,26000000,0
131,543228,Yan,Gomes,Y,Yan Gomes,OAK,C,34,40,131,19,29,4,0,5,17,6,31,0.221,0.264,0.366,0.63,6000000,4
132,503556,Marwin,Gonzalez,Y,Marwin Gonzalez,BOS,2B,32,77,242,25,49,14,0,2,20,19,70,0.202,0.281,0.285,0.566,570500,4
133,592348,Niko,Goodrum,Y,Niko Goodrum,DET,2B,29,90,290,39,62,11,2,9,33,29,107,0.214,0.292,0.359,0.651,2100000,2
134,571718,Brian,Goodwin,Y,Brian Goodwin,CWS,OF,30,72,235,33,52,10,1,8,29,33,58,0.221,0.319,0.374,0.693,1000000,5
135,624503,Nick,Gordon,Y,Nick Gordon,MIN,SS,25,73,200,19,48,9,1,4,23,12,55,0.24,0.292,0.355,0.647,570500,5
136,518735,Yasmani,Grandal,Y,Yasmani Grandal,CWS,C,32,93,279,60,67,9,0,23,62,87,82,0.24,0.42,0.52,0.94,18250000,1
137,544369,Didi,Gregorius,Y,Didi Gregorius,PHI,SS,31,103,368,35,77,16,2,13,54,25,67,0.209,0.27,0.37,0.64,12750000,2
138,545341,Randal,Grichuk,Y,Randal Grichuk,TOR,OF,30,149,511,59,123,25,1,22,81,27,114,0.241,0.281,0.423,0.704,10333333,3
139,663757,Trent,Grisham,Y,Trent Grisham,SD,OF,24,132,462,61,112,28,3,15,62,54,119,0.242,0.327,0.413,0.74,589200,3
140,543257,Robbie,Grossman,Y,Robbie Grossman,DET,OF,32,156,557,88,133,23,3,23,67,98,155,0.239,0.357,0.415,0.772,5500000,3
141,641645,Luis,Guillorme,Y,Luis Guillorme,NYM,2B,27,69,132,13,35,3,0,1,5,23,23,0.265,0.374,0.311,0.685,580701,5
142,642721,Kelvin,Gutierrez,Y,Kelvin Gutierrez,KC,3B,27,38,135,9,29,4,2,1,8,6,31,0.215,0.254,0.296,0.55,570500,4
143,606992,Eric,Haase,Y,Eric Haase,DET,C,28,98,351,48,81,12,1,22,61,26,119,0.231,0.286,0.459,0.745,570500,2
144,664059,Sam,Haggerty,Y,Sam Haggerty,SEA,OF,27,35,86,15,16,3,0,2,5,6,28,0.186,0.247,0.291,0.538,574300,4
145,571740,Billy,Hamilton,Y,Billy Hamilton,CWS,OF,31,71,127,23,28,8,3,2,11,4,47,0.22,0.242,0.378,0.62,1250000,4
146,641658,Garrett,Hampson,Y,Garrett Hampson,COL,2B,27,147,453,69,106,21,6,11,33,33,118,0.234,0.289,0.38,0.669,580500,3
147,571745,Mitch,Haniger,Y,Mitch Haniger,SEA,OF,30,157,620,110,157,23,2,39,100,54,169,0.253,0.318,0.485,0.803,3010000,0
148,664023,Ian,Happ,Y,Ian Happ,CHC,OF,27,148,465,63,105,20,1,25,66,62,156,0.226,0.323,0.434,0.757,4100000,3
149,547180,Bryce,Harper,Y,Bryce Harper,PHI,OF,29,141,488,101,151,42,1,35,84,100,134,0.309,0.429,0.615,1.044,27538462,0
150,543281,Josh,Harrison,Y,Josh Harrison,OAK,2B,34,48,185,19,47,10,0,2,22,6,25,0.254,0.296,0.341,0.637,1250000,5
151,663647,Ke'Bryan,Hayes,Y,Ke'Bryan Hayes,PIT,3B,24,96,362,49,93,20,2,6,38,31,87,0.257,0.316,0.373,0.689,589500,2
152,669720,Austin,Hays,Y,Austin Hays,BAL,OF,26,131,488,73,125,26,4,22,71,28,107,0.256,0.308,0.461,0.769,578500,3
153,595978,Austin,Hedges,Y,Austin Hedges,CLE,C,29,88,286,32,51,7,0,10,31,15,87,0.178,0.22,0.308,0.528,3280000,4
154,641680,Jonah,Heim,Y,Jonah Heim,TEX,C,26,82,265,22,52,13,0,10,32,15,58,0.196,0.239,0.358,0.597,574000,4
155,628338,Guillermo,Heredia,Y,Guillermo Heredia,ATL,OF,30,120,305,46,67,26,0,5,26,32,81,0.22,0.311,0.354,0.665,1000000,2
156,514917,Cesar,Hernandez,Y,Cesar Hernandez,CWS,2B,31,53,194,24,45,4,0,3,15,21,45,0.232,0.309,0.299,0.608,5000000,4
157,571771,Enrique,Hernandez,Y,Enrique Hernandez,BOS,2B,30,134,508,84,127,35,3,20,60,61,110,0.25,0.337,0.449,0.786,6000000,3
158,606192,Teoscar,Hernandez,Y,Teoscar Hernandez,TOR,OF,29,143,550,92,163,29,0,32,116,36,148,0.296,0.346,0.524,0.87,4325000,0
159,546318,Odubel,Herrera,Y,Odubel Herrera,PHI,OF,29,124,450,59,117,27,2,13,51,29,77,0.26,0.31,0.416,0.726,10350000,3
160,518792,Jason,Heyward,Y,Jason Heyward,CHC,OF,32,104,323,35,69,15,2,8,30,27,68,0.214,0.28,0.347,0.627,23500000,2
161,543305,Aaron,Hicks,Y,Aaron Hicks,NYY,OF,32,32,108,13,21,3,0,4,14,14,30,0.194,0.294,0.333,0.627,10785714,4
162,543309,Kyle,Higashioka,Y,Kyle Higashioka,NYY,C,31,67,193,20,35,10,0,10,29,17,59,0.181,0.246,0.389,0.635,594000,4
163,656541,Sam,Hilliard,Y,Sam Hilliard,COL,OF,27,81,214,32,46,7,2,14,34,23,87,0.215,0.294,0.463,0.757,575500,2
164,663538,Nico,Hoerner,Y,Nico Hoerner,CHC,2B,24,44,149,13,45,10,0,0,16,17,25,0.302,0.382,0.369,0.751,570500,5
165,571788,Brock,Holt,Y,Brock Holt,TEX,3B,33,77,235,21,49,13,1,2,23,23,49,0.209,0.281,0.298,0.579,1750000,4
166,656555,Rhys,Hoskins,Y,Rhys Hoskins,PHI,1B,28,107,389,64,96,29,0,27,71,47,108,0.247,0.334,0.53,0.864,4800000,0
167,543333,Eric,Hosmer,Y,Eric Hosmer,SD,1B,31,151,509,53,137,28,0,12,65,48,99,0.269,0.337,0.395,0.732,21000000,3
168,578428,Jose,Iglesias,Y,Jose Iglesias,BOS,SS,31,23,59,8,21,4,1,1,7,3,9,0.356,0.406,0.508,0.914,570500,1
169,663697,Jonathan,India,Y,Jonathan India,CIN,2B,24,150,532,98,143,34,2,21,69,71,141,0.269,0.376,0.459,0.835,570500,0
170,656577,Alex,Jackson,Y,Alex Jackson,MIA,C,25,42,108,11,17,4,0,3,12,11,60,0.157,0.26,0.278,0.538,580500,4
171,608671,Travis,Jankowski,Y,Travis Jankowski,PHI,OF,30,76,131,24,33,6,2,1,10,22,29,0.252,0.364,0.351,0.715,570500,5
172,643376,Danny,Jansen,Y,Danny Jansen,TOR,C,26,70,184,32,41,13,0,11,28,17,44,0.223,0.299,0.473,0.772,601800,5
173,680777,Ryan,Jeffers,Y,Ryan Jeffers,MIN,C,24,85,267,28,53,10,1,14,35,22,108,0.199,0.27,0.401,0.671,575500,2
174,650391,Eloy,Jimenez,Y,Eloy Jimenez,CWS,OF,24,55,213,23,53,10,0,10,37,16,57,0.249,0.303,0.437,0.74,4333333,5
175,656582,Connor,Joe,Y,Connor Joe,COL,OF,29,63,179,23,51,9,0,8,35,26,41,0.285,0.379,0.469,0.848,570500,1
176,663330,Jahmai,Jones,Y,Jahmai Jones,BAL,2B,24,26,67,5,10,3,0,0,3,4,26,0.149,0.208,0.194,0.402,570500,4
177,592450,Aaron,Judge,Y,Aaron Judge,NYY,OF,29,148,550,89,158,24,0,39,98,75,158,0.287,0.373,0.544,0.917,10175000,0
178,672284,Jarred,Kelenic,Y,Jarred Kelenic,SEA,OF,22,93,337,41,61,13,1,14,43,36,106,0.181,0.265,0.35,0.615,570500,2
179,608348,Carson,Kelly,Y,Carson Kelly,ARI,C,27,98,304,41,73,11,1,13,46,44,74,0.24,0.343,0.411,0.754,1700000,2
180,643393,Tony,Kemp,Y,Tony Kemp,OAK,2B,29,131,330,54,92,16,3,8,37,52,51,0.279,0.382,0.418,0.8,1050000,1
181,596146,Max,Kepler,Y,Max Kepler,MIN,OF,28,121,426,61,90,21,4,19,54,54,96,0.211,0.306,0.413,0.719,6500000,3
182,666198,Carter,Kieboom,Y,Carter Kieboom,WAS,3B,24,62,217,26,45,6,0,6,20,25,62,0.207,0.301,0.318,0.619,570500,4
183,595281,Kevin,Kiermaier,Y,Kevin Kiermaier,TB,OF,31,122,348,54,90,19,7,4,37,33,99,0.259,0.328,0.388,0.716,11666666,3
184,643396,Isiah,Kiner-Falefa,Y,Isiah Kiner-Falefa,TEX,SS,26,158,635,74,172,25,3,8,53,28,90,0.271,0.312,0.357,0.669,2000000,3
185,666135,Alex,Kirilloff,Y,Alex Kirilloff,MIN,OF,23,59,215,23,54,11,1,8,34,14,52,0.251,0.299,0.423,0.722,570500,5
186,672386,Alejandro,Kirk,Y,Alejandro Kirk,TOR,C,22,60,165,19,40,8,0,8,24,19,22,0.242,0.328,0.436,0.764,573500,5
187,595284,Andrew,Knapp,Y,Andrew Knapp,PHI,C,29,62,145,13,22,3,0,2,11,10,61,0.152,0.215,0.214,0.429,1100000,4
188,668800,Andrew,Knizner,Y,Andrew Knizner,STL,C,26,63,161,18,28,7,0,1,9,20,39,0.174,0.281,0.236,0.517,579200,4
189,501571,Juan,Lagares,Y,Juan Lagares,LAA,OF,32,112,309,39,73,20,2,6,38,12,76,0.236,0.266,0.372,0.638,1250000,2
190,600303,Tommy,La Stella,Y,Tommy La Stella,SF,2B,32,76,220,26,55,11,1,7,27,18,26,0.25,0.308,0.405,0.713,2000000,5
191,657656,Ramon,Laureano,Y,Ramon Laureano,OAK,OF,27,88,341,43,84,21,2,14,39,27,98,0.246,0.317,0.443,0.76,580500,2
192,506702,Sandy,Leon,Y,Sandy Leon,MIA,C,32,84,202,15,37,5,0,4,14,12,65,0.183,0.237,0.267,0.504,1250000,4
193,641786,Kyle,Lewis,Y,Kyle Lewis,SEA,OF,26,36,130,15,32,4,0,5,11,16,37,0.246,0.333,0.392,0.725,625000,5
194,596019,Francisco,Lindor,Y,Francisco Lindor,NYM,SS,27,125,452,73,104,16,3,20,63,58,96,0.23,0.322,0.412,0.734,22300000,3
195,641796,Tim,Locastro,Y,Tim Locastro,ARI,OF,29,55,118,11,21,2,0,1,5,6,26,0.178,0.271,0.22,0.491,589100,4
196,446334,Evan,Longoria,Y,Evan Longoria,SF,3B,36,81,253,45,66,17,0,13,46,35,68,0.261,0.351,0.482,0.833,18500000,1
197,643418,Shed,Long,Y,Shed Long,SEA,2B,26,34,111,13,22,4,1,4,17,9,39,0.198,0.258,0.36,0.618,580500,4
198,664040,Brandon,Lowe,Y,Brandon Lowe,TB,2B,27,149,535,97,132,31,0,39,99,68,167,0.247,0.34,0.523,0.863,2500000,0
199,476704,Jed,Lowrie,Y,Jed Lowrie,OAK,2B,37,139,457,55,112,28,0,14,69,49,108,0.245,0.318,0.398,0.716,1500000,3
200,666158,Gavin,Lux,Y,Gavin Lux,LAD,2B,23,102,335,49,81,12,4,7,46,41,83,0.242,0.328,0.364,0.692,580500,2
201,592518,Manny,Machado,Y,Manny Machado,SD,3B,29,153,564,92,157,31,2,28,106,63,102,0.278,0.347,0.489,0.836,32000000,0
202,663611,Nick,Madrigal,Y,Nick Madrigal,CWS,2B,24,54,200,30,61,10,4,2,21,11,17,0.305,0.349,0.425,0.774,584000,5
203,455117,Martin,Maldonado,Y,Martin Maldonado,HOU,C,35,125,373,40,64,10,1,12,36,47,127,0.172,0.272,0.3,0.572,3500000,2
204,641820,Trey,Mancini,Y,Trey Mancini,BAL,1B,29,147,556,77,142,33,1,21,71,51,143,0.255,0.326,0.432,0.758,4750000,3
205,622534,Manuel,Margot,Y,Manuel Margot,TB,OF,27,125,421,55,107,18,3,10,57,37,70,0.254,0.313,0.382,0.695,3400000,2
206,545350,Jake,Marisnick,Y,Jake Marisnick,CHC,OF,30,65,128,17,29,6,3,5,22,9,43,0.227,0.294,0.438,0.732,1000000,5
207,669016,Brandon,Marsh,Y,Brandon Marsh,LAA,OF,23,70,236,27,60,12,3,2,19,20,91,0.254,0.317,0.356,0.673,570500,5
208,606466,Ketel,Marte,Y,Ketel Marte,ARI,2B,28,90,340,52,108,29,1,14,50,31,60,0.318,0.377,0.532,0.909,6000000,1
209,516782,Starling,Marte,Y,Starling Marte,MIA,OF,33,64,233,52,71,11,1,7,25,32,57,0.305,0.405,0.451,0.856,12500000,1
210,502110,J.D.,Martinez,Y,J.D. Martinez,BOS,DH,34,148,570,92,163,42,3,28,99,55,150,0.286,0.349,0.518,0.867,19350000,0
211,621006,Richie,Martin,Y,Richie Martin,BAL,SS,26,37,98,9,23,2,0,1,8,4,28,0.235,0.269,0.286,0.555,570500,4
212,622761,Jorge,Mateo,Y,Jorge Mateo,SD,OF,26,57,87,10,18,4,0,2,6,2,27,0.207,0.25,0.322,0.572,571800,4
213,608686,Jack,Mayfield,Y,Jack Mayfield,LAA,SS,31,75,232,28,52,14,0,10,36,16,58,0.224,0.282,0.414,0.696,570500,5
214,543510,James,McCann,Y,James McCann,NYM,C,31,121,375,29,87,12,1,10,46,32,115,0.232,0.294,0.349,0.643,8150000,2
215,676801,Chas,McCormick,Y,Chas McCormick,HOU,OF,26,108,284,47,73,12,0,14,50,25,104,0.257,0.319,0.447,0.766,570500,2
216,457705,Andrew,McCutchen,Y,Andrew McCutchen,PHI,OF,35,144,482,78,107,24,1,27,80,81,132,0.222,0.334,0.444,0.778,20000000,0
217,624512,Reese,McGuire,Y,Reese McGuire,TOR,C,26,78,198,22,50,15,0,1,10,15,44,0.253,0.31,0.343,0.653,570500,5
218,641856,Billy,McKinney,Y,Billy McKinney,LAD,OF,27,37,82,8,12,2,1,1,7,14,24,0.146,0.276,0.232,0.508,578100,4
219,641857,Ryan,McMahon,Y,Ryan McMahon,COL,2B,26,151,528,80,134,32,1,23,86,59,147,0.254,0.331,0.449,0.78,2375000,3
220,643446,Jeff,McNeil,Y,Jeff McNeil,NYM,2B,29,120,386,48,97,19,1,7,35,29,58,0.251,0.319,0.36,0.679,642251,2
221,640457,Austin,Meadows,Y,Austin Meadows,TB,OF,26,142,518,79,121,29,3,27,106,59,122,0.234,0.315,0.458,0.773,591400,3
222,642336,Francisco,Mejia,Y,Francisco Mejia,TB,C,25,84,250,31,65,15,3,6,35,17,49,0.26,0.322,0.416,0.738,586300,5
223,640458,Oscar,Mercado,Y,Oscar Mercado,CLE,OF,26,72,214,27,48,11,1,6,19,21,42,0.224,0.3,0.369,0.669,570500,5
224,474568,Jordy,Mercer,Y,Jordy Mercer,WAS,SS,35,46,118,13,30,7,0,2,9,9,34,0.254,0.307,0.364,0.671,1000000,5
225,593160,Whit,Merrifield,Y,Whit Merrifield,KC,2B,32,162,664,97,184,42,3,10,74,40,103,0.277,0.317,0.395,0.712,7450000,3
226,543543,Brad,Miller,Y,Brad Miller,PHI,3B,31,140,331,53,75,9,3,20,49,45,112,0.227,0.321,0.453,0.774,3500000,2
227,680911,Owen,Miller,Y,Owen Miller,CLE,2B,24,60,191,17,39,8,0,4,18,9,54,0.204,0.243,0.309,0.552,570500,4
228,425877,Yadier,Molina,Y,Yadier Molina,STL,C,39,121,440,45,111,19,0,11,66,24,79,0.252,0.297,0.37,0.667,9000000,2
229,660162,Yoan,Moncada,Y,Yoan Moncada,CWS,3B,26,144,520,74,137,33,1,14,61,84,157,0.263,0.375,0.412,0.787,6800000,3
230,609275,Adalberto,Mondesi,Y,Adalberto Mondesi,KC,SS,26,35,126,19,29,8,1,6,17,6,43,0.23,0.271,0.452,0.723,2525000,5
231,664238,Dylan,Moore,Y,Dylan Moore,SEA,2B,29,126,332,42,60,11,2,12,43,40,111,0.181,0.276,0.334,0.61,590400,2
232,592567,Colin,Moran,Y,Colin Moran,PIT,1B,29,99,318,29,82,12,0,10,50,36,87,0.258,0.334,0.39,0.724,2800000,2
233,519048,Mitch,Moreland,Y,Mitch Moreland,OAK,1B,36,81,229,28,52,11,1,10,30,18,58,0.227,0.286,0.415,0.701,2250000,5
234,663624,Ryan,Mountcastle,Y,Ryan Mountcastle,BAL,1B,24,144,534,77,136,23,1,33,89,41,161,0.255,0.309,0.487,0.796,574500,0
235,519058,Mike,Moustakas,Y,Mike Moustakas,CIN,2B,33,62,183,21,38,12,0,6,22,18,46,0.208,0.282,0.372,0.654,14000000,4
236,656775,Cedric,Mullins,Y,Cedric Mullins,BAL,OF,27,159,602,91,175,37,5,30,59,59,125,0.291,0.36,0.518,0.878,577000,0
237,571970,Max,Muncy,Y,Max Muncy,LAD,2B,31,144,497,95,124,26,2,36,94,83,120,0.249,0.368,0.527,0.895,9000000,0
238,669221,Sean,Murphy,Y,Sean Murphy,OAK,C,27,119,393,47,85,23,0,17,59,40,114,0.216,0.306,0.405,0.711,575500,2
239,608596,Tom,Murphy,Y,Tom Murphy,SEA,C,30,97,277,35,56,8,0,11,34,40,99,0.202,0.304,0.35,0.654,875000,2
240,571976,Wil,Myers,Y,Wil Myers,SD,OF,30,146,442,56,113,24,2,17,63,54,141,0.256,0.334,0.434,0.768,22500000,3
241,571980,Tyler,Naquin,Y,Tyler Naquin,CIN,OF,30,127,411,52,111,24,2,19,70,35,106,0.27,0.333,0.477,0.81,1500000,3
242,553882,Omar,Narvaez,Y,Omar Narvaez,MIL,C,29,123,391,54,104,20,0,11,49,41,84,0.266,0.342,0.402,0.744,2500000,2
243,647304,Josh,Naylor,Y,Josh Naylor,CLE,OF,24,69,233,28,59,13,0,7,21,14,45,0.253,0.301,0.399,0.7,577500,5
244,621028,Kevin,Newman,Y,Kevin Newman,PIT,2B,28,148,517,50,117,22,3,5,39,27,41,0.226,0.265,0.309,0.574,598000,2
245,621512,Tomas,Nido,Y,Tomas Nido,NYM,C,27,58,153,16,34,5,1,3,13,5,44,0.222,0.261,0.327,0.588,577720,4
246,607043,Brandon,Nimmo,Y,Brandon Nimmo,NYM,OF,28,92,325,51,95,17,3,8,28,54,79,0.292,0.401,0.437,0.838,4700000,1
247,543592,Austin,Nola,Y,Austin Nola,SD,C,31,56,173,15,47,12,0,2,29,14,19,0.272,0.34,0.376,0.716,571500,5
248,624513,Dom,Nunez,Y,Dom Nunez,COL,C,26,81,228,31,43,12,3,10,33,34,91,0.189,0.293,0.399,0.692,572500,2
249,596059,Rougned,Odor,Y,Rougned Odor,NYY,2B,27,102,322,42,65,12,0,15,39,27,100,0.202,0.286,0.379,0.665,12333333,2
250,656811,Ryan,O'Hearn,Y,Ryan O'Hearn,KC,1B,28,84,236,23,53,5,1,9,29,13,71,0.225,0.268,0.369,0.637,570500,4
251,621566,Matt,Olson,Y,Matt Olson,OAK,1B,27,156,565,101,153,35,0,39,111,88,113,0.271,0.371,0.54,0.911,5000000,0
252,641933,Tyler,O'Neill,Y,Tyler O'Neill,STL,OF,26,138,482,89,138,26,2,34,80,38,168,0.286,0.352,0.56,0.912,594700,0
253,542364,Rafael,Ortega,Y,Rafael Ortega,CHC,OF,30,103,296,44,86,14,2,11,33,30,70,0.291,0.36,0.463,0.823,570500,1
254,542303,Marcell,Ozuna,Y,Marcell Ozuna,ATL,OF,30,48,188,21,40,6,0,7,26,19,46,0.213,0.288,0.356,0.644,16000000,4
255,670623,Isaac,Paredes,Y,Isaac Paredes,DET,3B,22,23,72,7,15,3,1,1,5,10,11,0.208,0.306,0.319,0.625,570500,4
256,467827,Gerardo,Parra,Y,Gerardo Parra,WAS,OF,34,53,97,13,23,5,0,2,10,6,30,0.237,0.292,0.351,0.643,1000000,4
257,592626,Joc,Pederson,Y,Joc Pederson,ATL,OF,29,64,173,20,43,8,1,7,22,17,43,0.249,0.325,0.428,0.753,4500000,5
258,444482,David,Peralta,Y,David Peralta,ARI,OF,34,150,487,57,126,30,8,8,63,46,92,0.259,0.325,0.402,0.727,7500000,3
259,606299,Jose,Peraza,Y,Jose Peraza,NYM,2B,27,64,142,21,29,7,0,6,20,9,26,0.204,0.266,0.38,0.646,575000,4
260,605421,Michael,Perez,Y,Michael Perez,PIT,C,29,70,210,19,30,8,1,7,21,19,68,0.143,0.221,0.29,0.511,591500,4
261,547379,Roberto,Perez,Y,Roberto Perez,CLE,C,32,44,141,13,21,3,0,7,17,17,56,0.149,0.245,0.319,0.564,5500000,4
262,521692,Salvador,Perez,Y,Salvador Perez,KC,C,31,161,620,88,169,24,0,48,121,28,170,0.273,0.316,0.544,0.86,14200000,0
263,607054,Jace,Peterson,Y,Jace Peterson,MIL,OF,31,94,259,36,64,11,1,6,31,38,68,0.247,0.348,0.367,0.715,575000,5
264,502054,Tommy,Pham,Y,Tommy Pham,SD,OF,33,155,475,74,109,24,2,15,49,78,128,0.229,0.34,0.383,0.723,8900000,3
265,621433,Brett,Phillips,Y,Brett Phillips,TB,OF,27,119,253,50,52,9,4,13,44,33,113,0.206,0.3,0.427,0.727,584400,2
266,607680,Kevin,Pillar,Y,Kevin Pillar,NYM,OF,32,124,325,40,75,11,2,15,47,11,81,0.231,0.277,0.415,0.692,3600000,2
267,640461,Chad,Pinder,Y,Chad Pinder,OAK,2B,29,75,214,30,52,16,1,6,27,16,62,0.243,0.3,0.411,0.711,2275000,5
268,572039,Stephen,Piscotty,Y,Stephen Piscotty,OAK,OF,30,72,173,14,38,8,0,5,16,13,48,0.22,0.282,0.353,0.635,7583333,4
269,608700,Kevin,Plawecki,Y,Kevin Plawecki,BOS,C,30,64,157,15,45,7,0,3,15,12,26,0.287,0.349,0.389,0.738,1600000,5
270,593871,Jorge,Polanco,Y,Jorge Polanco,MIN,SS,28,152,588,97,158,35,2,33,98,45,118,0.269,0.323,0.503,0.826,4333334,0
271,457763,Buster,Posey,Y,Buster Posey,SF,C,34,113,395,68,120,23,0,18,56,56,87,0.304,0.39,0.499,0.889,22202777,1
272,595777,Jurickson,Profar,Y,Jurickson Profar,SD,2B,28,137,353,47,80,17,2,4,33,49,65,0.227,0.329,0.32,0.649,4333333,2
273,405395,Albert,Pujols,Y,Albert Pujols,LAA,1B,41,24,86,9,17,0,0,5,12,3,13,0.198,0.25,0.372,0.622,570500,4
274,596451,Roman,Quinn,Y,Roman Quinn,PHI,OF,28,28,52,8,9,2,2,0,2,6,19,0.173,0.306,0.288,0.594,578000,4
275,663728,Cal,Raleigh,Y,Cal Raleigh,SEA,C,24,47,139,6,25,12,0,2,13,7,52,0.18,0.223,0.309,0.532,570500,4
276,623912,Harold,Ramirez,Y,Harold Ramirez,CLE,OF,27,99,339,33,91,21,1,7,41,14,56,0.268,0.305,0.398,0.703,587000,2
277,608070,Jose,Ramirez,Y,Jose Ramirez,CLE,3B,29,152,552,111,147,32,5,36,103,72,87,0.266,0.355,0.538,0.893,9400000,0
278,467092,Wilson,Ramos,Y,Wilson Ramos,DET,C,34,35,120,12,24,5,0,6,13,6,29,0.2,0.238,0.392,0.63,1000000,4
279,592663,J.T.,Realmuto,Y,J.T. Realmuto,PHI,C,30,134,476,64,125,25,4,17,73,48,129,0.263,0.343,0.439,0.782,20000000,3
280,543685,Anthony,Rendon,Y,Anthony Rendon,LAA,3B,31,58,217,24,52,13,0,6,34,29,41,0.24,0.329,0.382,0.711,28071428,5
281,592669,Hunter,Renfroe,Y,Hunter Renfroe,BOS,OF,29,144,521,89,135,33,0,31,96,44,130,0.259,0.315,0.501,0.816,3700000,0
282,650859,Luis,Rengifo,Y,Luis Rengifo,LAA,2B,24,54,174,22,35,1,0,6,18,9,38,0.201,0.246,0.31,0.556,570500,4
283,614177,Franmil,Reyes,Y,Franmil Reyes,CLE,DH,26,115,418,57,106,18,2,30,85,43,149,0.254,0.324,0.522,0.846,602400,3
284,622682,Victor,Reyes,Y,Victor Reyes,DET,OF,27,76,209,26,54,10,4,5,22,8,55,0.258,0.284,0.416,0.7,587100,5
285,668804,Bryan,Reynolds,Y,Bryan Reynolds,PIT,OF,26,159,559,93,169,35,8,24,90,75,119,0.302,0.39,0.522,0.912,601000,0
286,663586,Austin,Riley,Y,Austin Riley,ATL,3B,24,160,590,91,179,33,1,33,107,52,168,0.303,0.367,0.531,0.898,590500,0
287,621458,Edwin,Rios,Y,Edwin Rios,LAD,3B,27,25,51,4,4,0,0,1,1,7,18,0.078,0.217,0.137,0.354,590500,4
288,519203,Anthony,Rizzo,Y,Anthony Rizzo,NYY,1B,32,49,173,32,43,7,0,8,21,16,28,0.249,0.34,0.428,0.768,16500000,5
289,673357,Luis,Robert,Y,Luis Robert,CWS,OF,24,68,275,42,93,22,1,13,43,14,61,0.338,0.378,0.567,0.945,3500000,1
290,663898,Brendan,Rodgers,Y,Brendan Rodgers,COL,2B,25,102,387,49,110,21,3,15,51,19,84,0.284,0.328,0.47,0.798,575500,3
291,668670,Jake,Rogers,Y,Jake Rogers,DET,C,26,38,113,17,27,5,3,6,17,11,46,0.239,0.306,0.496,0.802,570500,5
292,668942,Josh,Rojas,Y,Josh Rojas,ARI,2B,27,139,484,69,128,32,3,11,44,58,137,0.264,0.341,0.411,0.752,582400,3
293,500743,Miguel,Rojas,Y,Miguel Rojas,MIA,SS,32,132,495,66,131,30,3,9,48,37,74,0.265,0.322,0.392,0.714,5000000,3
294,519222,Austin,Romine,Y,Austin Romine,CHC,C,32,28,60,5,13,2,0,1,5,2,22,0.217,0.242,0.3,0.542,2000000,4
295,602922,Jose,Rondon,Y,Jose Rondon,STL,2B,27,63,80,13,21,3,0,3,9,8,17,0.263,0.322,0.413,0.735,570500,5
296,667670,Brent,Rooker,Y,Brent Rooker,MIN,OF,26,58,189,25,38,10,0,9,16,15,70,0.201,0.291,0.397,0.688,570500,4
297,642708,Amed,Rosario,Y,Amed Rosario,CLE,SS,25,141,550,77,155,25,6,11,57,31,120,0.282,0.321,0.409,0.73,2400000,3
298,592696,Eddie,Rosario,Y,Eddie Rosario,ATL,OF,30,33,96,13,26,4,2,7,16,9,14,0.271,0.33,0.573,0.903,8000000,5
299,573131,Darin,Ruf,Y,Darin Ruf,SF,OF,35,117,262,41,71,13,2,16,43,46,87,0.271,0.385,0.519,0.904,1275000,1
300,660688,Keibert,Ruiz,Y,Keibert Ruiz,WAS,C,23,23,81,9,23,3,0,2,14,6,4,0.284,0.348,0.395,0.743,570500,5
301,596142,Gary,Sanchez,Y,Gary Sanchez,NYY,C,28,117,383,54,78,13,1,23,54,52,121,0.204,0.307,0.423,0.73,6350000,2
302,660821,Jesus,Sanchez,Y,Jesus Sanchez,MIA,OF,24,64,227,27,57,8,2,14,36,20,78,0.251,0.319,0.489,0.808,575000,5
303,593934,Miguel,Sano,Y,Miguel Sano,MIN,1B,28,135,470,68,105,24,0,30,75,59,183,0.223,0.312,0.466,0.778,11000000,0
304,623993,Anthony,Santander,Y,Anthony Santander,BAL,OF,26,110,406,54,98,24,0,18,50,23,101,0.241,0.286,0.433,0.719,2100000,2
305,467793,Carlos,Santana,Y,Carlos Santana,KC,1B,35,158,565,66,121,15,0,19,69,86,102,0.214,0.319,0.342,0.661,7250000,3
306,570731,Jonathan,Schoop,Y,Jonathan Schoop,DET,2B,30,156,623,85,173,30,1,22,84,37,133,0.278,0.32,0.435,0.755,4500000,3
307,621011,Max,Schrock,Y,Max Schrock,CIN,2B,27,53,125,19,36,7,2,3,14,8,24,0.288,0.328,0.448,0.776,570500,5
308,656941,Kyle,Schwarber,Y,Kyle Schwarber,BOS,OF,28,41,134,34,39,10,0,7,18,33,39,0.291,0.435,0.522,0.957,7000000,1
309,608369,Corey,Seager,Y,Corey Seager,LAD,SS,27,95,353,54,108,22,3,16,57,48,66,0.306,0.394,0.521,0.915,13750000,1
310,572122,Kyle,Seager,Y,Kyle Seager,SEA,3B,33,159,603,73,128,29,1,35,101,59,161,0.212,0.285,0.438,0.723,18500000,0
311,516416,Jean,Segura,Y,Jean Segura,PHI,2B,31,131,514,76,149,27,3,14,58,39,78,0.29,0.348,0.436,0.784,14850000,3
312,543760,Marcus,Semien,Y,Marcus Semien,TOR,SS,31,162,652,115,173,39,2,45,102,66,146,0.265,0.334,0.538,0.872,18000000,0
313,669222,Nick,Senzel,Y,Nick Senzel,CIN,OF,26,36,111,18,28,4,0,1,8,12,16,0.252,0.323,0.315,0.638,580500,5
314,600474,Pedro,Severino,Y,Pedro Severino,BAL,C,28,113,379,32,94,18,0,11,46,34,109,0.248,0.308,0.383,0.691,1825000,2
315,543768,Travis,Shaw,Y,Travis Shaw,MIL,3B,31,56,178,14,34,8,0,6,28,19,51,0.191,0.279,0.337,0.616,1500000,4
316,642423,Magneuris,Sierra,Y,Magneuris Sierra,MIA,OF,25,123,209,27,48,6,1,0,5,15,50,0.23,0.281,0.268,0.549,571375,4
317,592743,Andrelton,Simmons,Y,Andrelton Simmons,MIN,SS,32,131,412,37,92,12,0,3,31,32,62,0.223,0.283,0.274,0.557,10500000,2
318,596103,Austin,Slater,Y,Austin Slater,SF,OF,28,129,274,39,66,12,1,12,32,28,84,0.241,0.32,0.423,0.743,1150000,2
319,642086,Dominic,Smith,Y,Dominic Smith,NYM,1B,26,145,446,43,109,20,0,11,58,32,112,0.244,0.304,0.363,0.667,2550000,2
320,656976,Pavin,Smith,Y,Pavin Smith,ARI,1B,25,145,498,68,133,27,4,11,49,42,106,0.267,0.328,0.404,0.732,586600,3
321,669257,Will,Smith,Y,Will Smith,LAD,C,26,130,414,71,107,19,2,25,76,58,101,0.258,0.365,0.495,0.86,590500,3
322,669256,Nick,Solak,Y,Nick Solak,TEX,2B,26,127,458,57,111,18,2,11,49,34,107,0.242,0.314,0.362,0.676,586000,2
323,456781,Donovan,Solano,Y,Donovan Solano,SF,2B,33,101,307,35,86,17,0,7,31,25,58,0.28,0.344,0.404,0.748,3250000,5
324,624585,Jorge,Soler,Y,Jorge Soler,ATL,OF,29,55,208,36,56,11,0,14,33,29,45,0.269,0.358,0.524,0.882,8250000,1
325,624641,Edmundo,Sosa,Y,Edmundo Sosa,STL,2B,25,113,288,39,78,8,4,6,27,17,63,0.271,0.346,0.389,0.735,575900,5
326,665742,Juan,Soto,Y,Juan Soto,WAS,OF,22,151,502,111,157,20,2,29,95,145,93,0.313,0.465,0.534,0.999,8500000,0
327,543807,George,Springer,Y,George Springer,TOR,OF,32,78,299,59,79,19,1,22,50,37,79,0.264,0.352,0.555,0.907,23666666,1
328,607732,Jacob,Stallings,Y,Jacob Stallings,PIT,C,31,112,374,38,92,20,1,8,53,49,85,0.246,0.335,0.369,0.704,1300000,2
329,519317,Giancarlo,Stanton,Y,Giancarlo Stanton,NYY,DH,31,139,510,64,139,19,0,35,97,63,157,0.273,0.354,0.516,0.87,29000000,0
330,545358,Max,Stassi,Y,Max Stassi,LAA,C,30,87,282,45,68,11,1,13,35,28,101,0.241,0.326,0.426,0.752,1600000,2
331,663886,Tyler,Stephenson,Y,Tyler Stephenson,CIN,C,25,132,350,56,100,21,0,10,45,41,75,0.286,0.366,0.431,0.797,570500,1
332,664057,Andrew,Stevenson,Y,Andrew Stevenson,WAS,OF,27,109,192,22,44,6,0,5,23,13,61,0.229,0.294,0.339,0.633,579100,4
333,596115,Trevor,Story,Y,Trevor Story,COL,SS,28,142,526,88,132,34,5,24,75,53,139,0.251,0.329,0.471,0.8,18500000,3
334,664702,Myles,Straw,Y,Myles Straw,CLE,OF,26,60,239,42,68,16,0,2,14,29,50,0.285,0.362,0.377,0.739,590400,5
335,553993,Eugenio,Suarez,Y,Eugenio Suarez,CIN,3B,30,145,505,71,100,23,0,31,79,56,171,0.198,0.286,0.428,0.714,10785714,3
336,435559,Kurt,Suzuki,Y,Kurt Suzuki,LAA,C,38,72,219,17,49,8,0,6,16,12,44,0.224,0.294,0.342,0.636,1500000,4
337,621020,Dansby,Swanson,Y,Dansby Swanson,ATL,SS,27,160,588,78,146,33,2,27,88,52,167,0.248,0.311,0.449,0.76,6000000,3
338,606132,Raimel,Tapia,Y,Raimel Tapia,COL,OF,27,133,487,69,133,26,2,6,50,40,70,0.273,0.327,0.372,0.699,1950000,3
339,621035,Chris,Taylor,Y,Chris Taylor,LAD,2B,31,148,507,92,129,25,4,20,73,63,167,0.254,0.344,0.438,0.782,7800000,3
340,572191,Michael,Taylor,Y,Michael Taylor,KC,OF,30,142,483,58,118,16,1,12,54,33,144,0.244,0.297,0.356,0.653,2000000,2
341,621438,Tyrone,Taylor,Y,Tyrone Taylor,MIL,OF,27,93,243,33,60,9,3,12,43,20,59,0.247,0.321,0.457,0.778,570500,5
342,642133,Rowdy,Tellez,Y,Rowdy Tellez,TOR,1B,26,50,139,12,29,4,1,4,8,9,33,0.209,0.272,0.338,0.61,598100,4
343,657041,Lane,Thomas,Y,Lane Thomas,WAS,OF,26,45,178,33,48,14,2,7,27,27,46,0.27,0.364,0.489,0.853,570500,1
344,650402,Gleyber,Torres,Y,Gleyber Torres,NYY,SS,24,127,459,50,119,22,0,9,51,50,104,0.259,0.331,0.366,0.697,4000000,2
345,620443,Luis,Torrens,Y,Luis Torrens,SEA,C,25,108,346,39,84,16,2,15,47,28,99,0.243,0.299,0.431,0.73,580700,2
346,591720,Ronald,Torreyes,Y,Ronald Torreyes,PHI,SS,29,112,318,30,77,10,1,7,41,19,41,0.242,0.286,0.346,0.632,800000,2
347,624431,Jose,Trevino,Y,Jose Trevino,TEX,C,28,89,285,23,68,14,0,5,30,12,57,0.239,0.267,0.34,0.607,584000,4
348,545361,Mike,Trout,Y,Mike Trout,LAA,OF,30,36,117,23,39,8,1,8,18,27,41,0.333,0.466,0.624,1.09,37166667,1
349,657061,Cole,Tucker,Y,Cole Tucker,PIT,OF,25,43,117,15,26,4,2,2,12,13,33,0.222,0.298,0.342,0.64,570500,4
350,663656,Kyle,Tucker,Y,Kyle Tucker,HOU,OF,24,140,506,83,149,37,3,30,92,53,90,0.294,0.359,0.557,0.916,624300,0
351,457759,Justin,Turner,Y,Justin Turner,LAD,3B,36,151,533,87,148,22,0,27,87,61,98,0.278,0.361,0.471,0.832,12000000,0
352,607208,Trea,Turner,Y,Trea Turner,LAD,SS,28,52,207,41,70,17,0,10,28,15,33,0.338,0.385,0.565,0.95,13000000,1
353,457708,Justin,Upton,Y,Justin Upton,LAA,OF,34,90,318,47,67,12,0,17,41,39,107,0.211,0.296,0.409,0.705,23000000,2
354,649966,Luis,Urias,Y,Luis Urias,MIL,SS,24,150,490,77,122,25,1,23,75,63,116,0.249,0.345,0.445,0.79,575100,3
355,642162,Pat,Valaika,Y,Pat Valaika,BAL,2B,29,91,259,17,52,8,0,5,25,16,76,0.201,0.25,0.29,0.54,875000,4
356,591971,Breyvic,Valera,Y,Breyvic Valera,TOR,2B,29,39,87,10,22,6,0,1,15,8,12,0.253,0.313,0.356,0.669,570500,5
357,642165,Josh,VanMeter,Y,Josh VanMeter,ARI,2B,26,112,274,26,58,17,2,6,36,33,83,0.212,0.297,0.354,0.651,583400,2
358,662139,Daulton,Varsho,Y,Daulton Varsho,ARI,C,25,95,284,41,70,17,2,11,38,30,67,0.246,0.318,0.437,0.755,570500,2
359,683734,Andrew,Vaughn,Y,Andrew Vaughn,CWS,1B,23,127,417,56,98,22,0,15,48,41,101,0.235,0.309,0.396,0.705,570500,2
360,543877,Christian,Vazquez,Y,Christian Vazquez,BOS,C,31,138,458,51,118,23,1,6,49,33,84,0.258,0.308,0.352,0.66,6250000,2
361,623205,Andrew,Velazquez,Y,Andrew Velazquez,NYY,SS,27,28,67,11,15,4,1,1,6,1,23,0.224,0.235,0.358,0.593,570500,4
362,657077,Alex,Verdugo,Y,Alex Verdugo,BOS,OF,25,146,544,88,157,32,2,13,63,51,96,0.289,0.351,0.426,0.777,649500,3
363,542340,Jonathan,Villar,Y,Jonathan Villar,NYM,2B,30,142,454,63,113,18,2,18,42,46,132,0.249,0.322,0.416,0.738,3550000,3
364,519390,Stephen,Vogt,Y,Stephen Vogt,ATL,C,36,26,78,7,13,0,0,2,8,8,20,0.167,0.241,0.244,0.485,3500000,4
365,572228,Luke,Voit,Y,Luke Voit,NYY,1B,30,68,213,26,51,7,1,11,35,21,74,0.239,0.328,0.437,0.765,4700000,5
366,458015,Joey,Votto,Y,Joey Votto,CIN,1B,38,129,448,73,119,23,1,36,99,77,127,0.266,0.375,0.563,0.938,25000000,0
367,664774,LaMonte,Wade,Y,LaMonte Wade,SF,OF,27,109,336,52,85,17,3,18,56,33,89,0.253,0.326,0.482,0.808,570500,2
368,642180,Tyler,Wade,Y,Tyler Wade,NYY,2B,26,103,127,31,34,5,1,0,5,16,37,0.268,0.354,0.323,0.677,603000,5
369,572233,Christian,Walker,Y,Christian Walker,ARI,1B,30,115,401,55,98,23,1,10,46,38,106,0.244,0.315,0.382,0.697,619300,2
370,665120,Jared,Walsh,Y,Jared Walsh,LAA,1B,28,144,530,70,147,34,1,29,98,48,152,0.277,0.34,0.509,0.849,590500,0
371,621493,Taylor,Ward,Y,Taylor Ward,LAA,OF,27,65,208,33,52,15,0,8,33,20,55,0.25,0.332,0.438,0.77,590500,5
372,657108,Evan,White,Y,Evan White,SEA,1B,25,30,97,8,14,3,0,2,9,6,31,0.144,0.202,0.237,0.439,1300000,4
373,642211,Justin,Williams,Y,Justin Williams,STL,OF,26,51,119,10,19,0,0,4,11,17,46,0.16,0.27,0.261,0.531,125000,4
374,608385,Jesse,Winker,Y,Jesse Winker,CIN,OF,28,110,423,77,129,32,1,24,71,53,75,0.305,0.394,0.556,0.95,3150000,0
375,621550,Patrick,Wisdom,Y,Patrick Wisdom,CHC,1B,30,106,338,54,78,13,0,28,61,32,153,0.231,0.305,0.518,0.823,570500,2
376,543939,Kolten,Wong,Y,Kolten Wong,MIL,2B,31,116,445,70,121,32,2,14,50,31,83,0.272,0.335,0.447,0.782,7500000,3
377,642851,Austin,Wynns,Y,Austin Wynns,BAL,C,30,45,130,14,24,4,0,4,14,8,31,0.185,0.232,0.308,0.54,570500,4
378,573262,Mike,Yastrzemski,Y,Mike Yastrzemski,SF,OF,31,139,468,75,105,28,3,25,71,51,131,0.224,0.311,0.457,0.768,600000,3
379,592885,Christian,Yelich,Y,Christian Yelich,MIL,OF,29,117,399,70,99,19,2,9,51,70,113,0.248,0.362,0.373,0.735,14000000,3
380,605548,Bradley,Zimmer,Y,Bradley Zimmer,CLE,OF,28,99,299,44,68,9,1,8,35,30,122,0.227,0.325,0.344,0.669,576700,2
381,475582,Ryan,Zimmerman,Y,Ryan Zimmerman,WAS,1B,37,110,255,27,62,16,0,14,46,16,77,0.243,0.286,0.471,0.757,1000000,2
382,572287,Mike,Zunino,Y,Mike Zunino,TB,C,30,109,333,64,72,11,2,33,62,34,132,0.216,0.301,0.559,0.86,2000000,3
383,628450,Yadiel,Hernandez,Y,Yadiel Hernandez,WAS,OF,34,112,264,33,72,8,1,9,32,22,59,0.273,0.329,0.413,0.742,572600,5
384,650559,Bryan,De La Cruz,Y,Bryan De La Cruz,MIA,OF,24,58,199,17,59,7,2,5,19,18,53,0.296,0.356,0.427,0.783,570500,5
385,628451,Andy,Ibanez,Y,Andy Ibanez,TEX,2B,28,76,253,31,70,15,2,7,25,15,35,0.277,0.321,0.435,0.756,570500,5
386,602104,Ramon,Urias,Y,Ramon Urias,BAL,2B,27,85,262,33,73,14,0,7,38,28,76,0.279,0.361,0.412,0.773,571500,5
387,660634,Yonny,Hernandez,Y,Yonny Hernandez,TEX,2B,23,43,143,15,31,5,0,0,6,17,32,0.217,0.315,0.252,0.567,570500,4
388,676694,Jake,Meyers,Y,Jake Meyers,HOU,OF,25,49,146,22,38,8,0,6,28,10,50,0.26,0.323,0.438,0.761,570500,5
389,656537,Derek,Hill,Y,Derek Hill,DET,OF,25,49,139,19,36,3,3,3,14,10,42,0.259,0.313,0.388,0.701,570500,5
390,657757,Gavin,Sheets,Y,Gavin Sheets,CWS,OF,25,54,160,23,40,8,0,11,34,16,40,0.25,0.324,0.506,0.83,570500,5
391,642201,Eli,White,Y,Eli White,TEX,OF,27,64,198,26,35,6,1,6,15,18,66,0.177,0.259,0.308,0.567,572500,4
392,643524,Frank,Schwindel,Y,Frank Schwindel,CHC,1B,29,56,222,42,76,19,1,13,40,16,36,0.342,0.389,0.613,1.002,570500,1
